Time,x,y
16/07/17 1:00,9.38,18.31
16/07/17 2:00,9,16.81
16/07/17 3:00,9,18.84
16/07/17 4:00,9,16.85
16/07/17 5:00,5.75,20.38
16/07/17 6:00,5.85,18.6
16/07/17 7:00,7.31,23.14
16/07/17 8:00,7.24,20.78
16/07/17 9:00,8.28,15.62
16/07/17 10:00,14.65,13.16
16/07/17 11:00,15.87,14.1
16/07/17 12:00,15.71,15.33
16/07/17 13:00,16.02,24.19
16/07/17 14:00,8.37,22.42
16/07/17 15:00,9.14,24.63
16/07/17 16:00,11.12,22.43
16/07/17 17:00,11.94,26.44
16/07/17 18:00,7.38,26.27
16/07/17 19:00,6.85,20.38
16/07/17 20:00,5.34,16.42
16/07/17 21:00,5.71,21.9
16/07/17 22:00,7.51,20.3
16/07/17 23:00,8.72,19.95
17/07/17 0:00,7.41,20.08
17/07/17 1:00,8.61,16.99
17/07/17 2:00,8.24,16.13
17/07/17 3:00,6.45,18.83
17/07/17 4:00,6.64,17.32
17/07/17 5:00,7.15,18.23
17/07/17 6:00,7.07,16.49
17/07/17 7:00,8.17,15.34
17/07/17 8:00,8.13,14.01
17/07/17 9:00,7,17.55
17/07/17 10:00,7.68,23.72
17/07/17 11:00,8.71,21.08
17/07/17 12:00,10.31,16.42
17/07/17 13:00,11.34,13.32
17/07/17 14:00,11.82,12.87
17/07/17 15:00,9.04,18.65
17/07/17 16:00,6.24,18.74
17/07/17 17:00,4.07,15.91
17/07/17 18:00,4.39,20.3
17/07/17 19:00,8.55,18.34
17/07/17 20:00,6.11,17.73
17/07/17 21:00,4.75,15.4
17/07/17 22:00,5.04,12.72
17/07/17 23:00,8.62,11.85
18/07/17 0:00,7.32,11.5
18/07/17 1:00,4.68,13.55
18/07/17 2:00,4.18,13.69
18/07/17 3:00,3.54,12.88
18/07/17 4:00,4.32,11.84
18/07/17 5:00,6.52,11.81
18/07/17 6:00,7.23,12.05
18/07/17 7:00,8.27,11.62
18/07/17 8:00,14.86,15.66
18/07/17 9:00,9.96,15.32
18/07/17 10:00,6.14,17.69
18/07/17 11:00,5.31,24.3
18/07/17 12:00,5.57,21.32
18/07/17 13:00,6.2,20.53
18/07/17 14:00,3.91,32.42
18/07/17 15:00,3.92,30.31
18/07/17 16:00,4.04,21.76
18/07/17 17:00,4.79,17.31
18/07/17 18:00,7.33,14.23
18/07/17 19:00,7.9,13.94
18/07/17 20:00,5.14,18.05
18/07/17 21:00,6.39,19.49
18/07/17 22:00,6.94,17.58
18/07/17 23:00,6.47,14.72
19/07/17 0:00,5.78,14.77
19/07/17 1:00,5.72,13.75
19/07/17 2:00,4.41,12.3
19/07/17 3:00,5.38,12.94
19/07/17 4:00,7.86,18.24
19/07/17 5:00,8.07,20.66
19/07/17 6:00,20.05,20.78
19/07/17 7:00,17.39,21.89
19/07/17 8:00,20.36,22.88
19/07/17 9:00,27.46,26.86
19/07/17 10:00,31.17,23.03
19/07/17 11:00,9.3,23.89
19/07/17 12:00,10.12,20.1
19/07/17 13:00,11,17.51
19/07/17 14:00,14.78,16.02
19/07/17 15:00,10.56,13.69
19/07/17 16:00,18.22,17.14
19/07/17 17:00,22.54,26.79
19/07/17 18:00,9.58,24.87
19/07/17 19:00,6.07,19.42
19/07/17 20:00,4.68,18.97
19/07/17 21:00,4.33,22.07
19/07/17 22:00,5.17,20.44
19/07/17 23:00,7.18,17.49
20/07/17 0:00,7.75,18.74
20/07/17 1:00,9.23,21.89
20/07/17 2:00,7.72,18.72
20/07/17 3:00,9,16.69
20/07/17 4:00,9.94,14.95
20/07/17 5:00,10,13.52
20/07/17 6:00,13.42,16.26
20/07/17 7:00,10.57,19.47
20/07/17 8:00,13.78,16.85
20/07/17 9:00,9.72,13.45
20/07/17 10:00,10.42,12.49
20/07/17 11:00,6.89,13.84
20/07/17 12:00,7.42,13.71
20/07/17 13:00,7.79,13
20/07/17 14:00,7.22,15.46
20/07/17 15:00,6.67,15.04
20/07/17 16:00,7.08,17.58
20/07/17 17:00,7.35,21.36
20/07/17 18:00,7.71,20.51
20/07/17 19:00,9.91,17.85
20/07/17 20:00,23.07,23.83
20/07/17 21:00,22.69,17.52
20/07/17 22:00,22,17.66
20/07/17 23:00,24.92,19.25
21/07/17 0:00,27.65,16.82
21/07/17 1:00,25.1,18.86
21/07/17 2:00,13.45,20.33
21/07/17 3:00,15.59,22.55
21/07/17 4:00,15.07,24.75
21/07/17 5:00,17.3,23.08
21/07/17 6:00,25.11,23.44
21/07/17 7:00,29.33,19.13
21/07/17 8:00,28.52,16.99
21/07/17 9:00,19.85,20.18
21/07/17 10:00,27,23.1
21/07/17 11:00,27.13,18.42
21/07/17 12:00,25.2,17.26
21/07/17 13:00,22.59,16.89
21/07/17 14:00,24,15.79
21/07/17 15:00,23.13,17.4
21/07/17 16:00,22.07,19.91
21/07/17 17:00,21.1,17.24
21/07/17 18:00,22.16,15.92
21/07/17 19:00,23.53,20.08
21/07/17 20:00,21.79,21.47
21/07/17 21:00,31.14,18.32
21/07/17 22:00,33.17,20.71
21/07/17 23:00,24.43,26.82
22/07/17 0:00,29,28.67
22/07/17 1:00,25.07,23.64
22/07/17 2:00,16.35,20.81
22/07/17 3:00,21.3,17.72
22/07/17 4:00,19.24,18.59
22/07/17 5:00,11.68,24.47
22/07/17 6:00,15.68,23.52
22/07/17 7:00,20.64,18.14
22/07/17 8:00,24.38,17.48
22/07/17 9:00,21.19,18.31
22/07/17 10:00,34.15,18.61
22/07/17 11:00,57.88,23.66
22/07/17 12:00,25.3,23.95
22/07/17 13:00,17,22.48
22/07/17 14:00,18.79,27.04
22/07/17 15:00,17.69,24.64
22/07/17 16:00,17.46,19.36
22/07/17 17:00,18.77,21.38
22/07/17 18:00,15.25,24.67
22/07/17 19:00,22.44,24.59
22/07/17 20:00,28.51,22.3
22/07/17 21:00,33.6,18.96
22/07/17 22:00,35.96,20.77
22/07/17 23:00,46.68,21.48
23/07/17 0:00,54.97,22.39
23/07/17 1:00,32.88,28.01
23/07/17 2:00,26.14,26.83
23/07/17 3:00,26.95,20.03
23/07/17 4:00,27.94,17.54
23/07/17 5:00,29.7,18.96
23/07/17 6:00,33.79,19.69
23/07/17 7:00,43.43,21.91
23/07/17 8:00,22.9,24.99
23/07/17 9:00,4.86,25.9
23/07/17 10:00,8.54,24.51
23/07/17 11:00,8.7,20.16
23/07/17 12:00,10.73,17.89
23/07/17 13:00,13.11,20.32
23/07/17 14:00,13.88,22.13
23/07/17 15:00,16.57,19.89
23/07/17 16:00,19.46,15.47
23/07/17 17:00,43.38,18.79
23/07/17 18:00,22.12,23.7
23/07/17 19:00,23.61,20.26
23/07/17 20:00,17.43,16.78
23/07/17 21:00,19.71,17.93
23/07/17 22:00,25.74,18.19
23/07/17 23:00,45.53,18.11
24/07/17 0:00,38.27,20.11
24/07/17 1:00,31.78,18.55
24/07/17 2:00,30.58,16.9
24/07/17 3:00,20.05,19.27
24/07/17 4:00,21.26,20.7
24/07/17 5:00,19.9,16.12
24/07/17 6:00,18.38,14.63
24/07/17 7:00,16.17,16.46
24/07/17 8:00,14.73,18.79
24/07/17 9:00,53.85,18.59
24/07/17 10:00,14.17,19.67
24/07/17 11:00,13.93,22.56
24/07/17 12:00,17.88,24.52
24/07/17 13:00,19.5,25.96
24/07/17 14:00,17.71,22.67
24/07/17 15:00,16.15,21.03
24/07/17 16:00,17.69,20.88
24/07/17 17:00,19.94,15.89
24/07/17 18:00,20.55,19.86
24/07/17 19:00,19.84,23.33
24/07/17 20:00,20.34,18.81
24/07/17 21:00,23.31,19.18
24/07/17 22:00,22.95,17.74
24/07/17 23:00,21.94,18.04
25/07/17 0:00,23.71,19.42
25/07/17 1:00,16.68,18.71
25/07/17 2:00,16.98,18.27
25/07/17 3:00,17.25,14.27
25/07/17 4:00,13.95,16.24
25/07/17 5:00,13.25,20.97
25/07/17 6:00,15.13,19.62
25/07/17 7:00,16.77,15.7
25/07/17 8:00,15.93,14.38
25/07/17 13:00,27.38,33.14
25/07/17 14:00,24.2,25.51
25/07/17 15:00,23.65,23.7
25/07/17 16:00,24.13,23.57
25/07/17 17:00,22.57,26.27
25/07/17 18:00,20.91,33.31
25/07/17 19:00,25.52,29.5
25/07/17 20:00,23.13,23.28
25/07/17 21:00,28.35,22.94
25/07/17 22:00,24.53,23.88
25/07/17 23:00,27.69,20.8
26/07/17 0:00,26.34,24.63
26/07/17 1:00,21.35,23.5
26/07/17 2:00,21.71,18.56
26/07/17 3:00,23.36,16.79
26/07/17 4:00,19.3,18.33
26/07/17 5:00,18.07,20.15
26/07/17 6:00,6.04,21.44
26/07/17 7:00,10.68,25.5
26/07/17 8:00,7.82,23.65
26/07/17 9:00,10.68,17.11
26/07/17 10:00,19.34,17.33
26/07/17 11:00,8.96,21.73
26/07/17 12:00,20.44,20.72
26/07/17 13:00,15.3,19.68
26/07/17 14:00,14.74,22.08
26/07/17 15:00,10.85,20.72
26/07/17 16:00,11.96,20.92
26/07/17 17:00,15.73,22.72
26/07/17 18:00,16.07,20.36
26/07/17 19:00,23.2,17.29
26/07/17 20:00,20.71,16.8
26/07/17 21:00,27.28,14.17
26/07/17 22:00,18.69,13.93
26/07/17 23:00,14.11,18.7
27/07/17 0:00,13,20.17
27/07/17 1:00,12.15,18.13
27/07/17 2:00,10.82,17.43
27/07/17 3:00,11.39,15.9
27/07/17 4:00,10.93,15.7
27/07/17 5:00,11.14,14.77
27/07/17 6:00,15.14,14.5
27/07/17 7:00,21,15.06
27/07/17 8:00,19.96,16.32
27/07/17 9:00,15.18,15.89
27/07/17 10:00,9.64,16.03
27/07/17 11:00,16.38,14.56
27/07/17 12:00,15.64,12.61
27/07/17 13:00,15,13.72
27/07/17 14:00,13.58,14.91
27/07/17 15:00,12.33,13.11
27/07/17 16:00,16.27,13.92
27/07/17 17:00,20.2,16.21
27/07/17 18:00,20.04,18.01
27/07/17 19:00,21.58,18.4
27/07/17 20:00,22.76,19.79
27/07/17 21:00,26.65,24.44
27/07/17 22:00,22.05,27.18
27/07/17 23:00,19.42,23.96
28/07/17 0:00,18.75,19.29
28/07/17 1:00,21.1,20.15
28/07/17 2:00,27.35,20.47
28/07/17 3:00,23.02,19.56
28/07/17 4:00,12.49,22.54
28/07/17 5:00,9.4,21.73
28/07/17 6:00,12.42,16.65
28/07/17 7:00,7,13.88
28/07/17 8:00,8,12.38
28/07/17 9:00,15.17,12.86
28/07/17 10:00,19.3,14.85
28/07/17 11:00,16.86,18.26
28/07/17 12:00,18.52,20.39
28/07/17 13:00,16.96,19.22
28/07/17 14:00,17.1,17.85
28/07/17 15:00,18.08,14.58
28/07/17 16:00,17.25,14.44
28/07/17 17:00,16,15.21
28/07/17 18:00,14.95,16.73
28/07/17 19:00,13.66,21.55
28/07/17 20:00,17.48,22.18
28/07/17 21:00,22,20.78
28/07/17 22:00,17.29,20.29
28/07/17 23:00,19.14,22.06
29/07/17 0:00,20.16,23.93
29/07/17 1:00,20.16,20.07
29/07/17 2:00,17.33,19.24
29/07/17 3:00,17.07,16.02
29/07/17 4:00,18.52,15.11
29/07/17 5:00,15.29,14.47
29/07/17 6:00,18.55,15.91
29/07/17 7:00,21.78,17.61
29/07/17 8:00,18.54,14.17
29/07/17 9:00,8.85,13.47
29/07/17 10:00,9.84,13.41
29/07/17 11:00,9.35,12.31
29/07/17 12:00,9.91,14.04
29/07/17 13:00,9.75,15.54
29/07/17 14:00,11.05,17.02
29/07/17 15:00,11.71,21.57
29/07/17 16:00,15.82,22.55
29/07/17 17:00,18.33,18.25
29/07/17 18:00,17.5,14.36
29/07/17 19:00,27.03,13.78
29/07/17 20:00,31.57,14.78
29/07/17 21:00,23.16,17.55
29/07/17 22:00,30.71,20.25
29/07/17 23:00,25.95,17.88
30/07/17 0:00,17.77,16.96
30/07/17 1:00,15.64,17.79
30/07/17 2:00,14.78,17.8
30/07/17 3:00,15.24,19.8
30/07/17 4:00,17.15,18.83
30/07/17 5:00,15.38,16.86
30/07/17 6:00,14.56,15.64
30/07/17 7:00,16.04,13.64
30/07/17 8:00,15.2,14.08
30/07/17 9:00,13.08,14.85
30/07/17 10:00,13.96,14.38
30/07/17 11:00,13.97,16.15
30/07/17 12:00,30.46,16.91
30/07/17 13:00,34,18.94
30/07/17 20:00,30.85,20.91
30/07/17 21:00,41.41,21.15
30/07/17 22:00,52.36,20.76
01/08/17 17:00,9.95,9.52
01/08/17 18:00,11.74,27.53
01/08/17 19:00,13.15,50.52
01/08/17 20:00,11,37.55
01/08/17 21:00,12.89,27.48
01/08/17 22:00,11.41,30.19
01/08/17 23:00,11.14,28.83
02/08/17 0:00,9.34,21.56
02/08/17 1:00,9.98,18.86
02/08/17 2:00,11.91,16.53
02/08/17 3:00,9.89,19.97
02/08/17 4:00,10.24,20.15
02/08/17 5:00,12.04,15.18
02/08/17 6:00,12.54,15.45
02/08/17 7:00,14.21,16.92
02/08/17 8:00,13.02,13.74
02/08/17 9:00,12.77,12.07
02/08/17 10:00,22.09,12.93
02/08/17 11:00,26.81,15.71
02/08/17 12:00,27.93,21.03
02/08/17 13:00,26.71,22.9
02/08/17 14:00,19.4,19.23
02/08/17 15:00,20.13,21.82
02/08/17 16:00,30.88,20.77
02/08/17 17:00,33.38,15.75
02/08/17 18:00,44.48,17.47
02/08/17 19:00,25.29,20.46
02/08/17 20:00,18.5,17.91
02/08/17 21:00,17.24,18.46
02/08/17 22:00,15.46,15.26
02/08/17 23:00,17.24,13.5
03/08/17 0:00,17.43,12.63
03/08/17 1:00,17.12,12.22
03/08/17 2:00,16.92,11.2
03/08/17 3:00,17.76,10.66
03/08/17 4:00,18.75,11.77
03/08/17 5:00,19.4,13.73
03/08/17 6:00,21.8,14.64
03/08/17 7:00,21.8,17.05
03/08/17 8:00,24.29,19.64
03/08/17 9:00,24.69,18.64
03/08/17 10:00,30.28,16.71
03/08/17 11:00,30.28,16.98
03/08/17 12:00,22.85,16.3
03/08/17 13:00,26.48,24.07
03/08/17 14:00,29.63,42.17
03/08/17 15:00,25.69,46.6
03/08/17 16:00,22.55,33.53
03/08/17 17:00,18.75,32.86
03/08/17 18:00,31.38,29.73
03/08/17 19:00,27.09,26.5
03/08/17 20:00,23.24,22.8
03/08/17 21:00,21.6,19.71
03/08/17 22:00,24.04,21.53
03/08/17 23:00,19.63,21.15
04/08/17 0:00,15.85,18.08
04/08/17 1:00,17.55,17.82
04/08/17 2:00,18.91,15.56
04/08/17 3:00,17.83,15.65
04/08/17 4:00,16.93,13.5
04/08/17 5:00,18.19,12.13
04/08/17 6:00,19.89,12.63
04/08/17 7:00,19.69,12.94
04/08/17 8:00,18.73,12.48
04/08/17 9:00,16.41,14.96
04/08/17 10:00,15.92,16.92
04/08/17 11:00,16.06,17.1
04/08/17 12:00,18.2,23.98
04/08/17 13:00,20.81,27.84
04/08/17 14:00,23.42,23.28
04/08/17 15:00,24.83,24.13
04/08/17 16:00,19.08,23.16
04/08/17 17:00,10.28,22.15
04/08/17 18:00,18.11,16.26
04/08/17 19:00,16.62,13.17
04/08/17 20:00,21.89,11.84
04/08/17 21:00,25.1,16.49
04/08/17 22:00,28.26,26.24
04/08/17 23:00,27.45,26.61
05/08/17 0:00,25.91,21.15
05/08/17 1:00,24.65,21.82
05/08/17 2:00,23.29,21.63
05/08/17 3:00,21.45,21.94
05/08/17 4:00,23.33,22.32
05/08/17 5:00,19.34,21.07
05/08/17 6:00,14.52,23.46
05/08/17 7:00,13.07,25.58
05/08/17 8:00,9.94,22
05/08/17 9:00,12.98,23.47
05/08/17 10:00,19.86,24.17
05/08/17 11:00,23.64,25.21
05/08/17 12:00,33.78,21.7
05/08/17 13:00,34.35,19.76
05/08/17 14:00,32.78,23.05
05/08/17 15:00,36.2,23.63
05/08/17 16:00,29.44,23.58
05/08/17 17:00,29.57,23.76
05/08/17 18:00,36.29,26.24
05/08/17 19:00,43.81,23.21
05/08/17 20:00,45.7,18.05
05/08/17 21:00,25.42,17.56
05/08/17 22:00,12.06,20.18
05/08/17 23:00,12.94,19.97
06/08/17 0:00,15.87,15.54
06/08/17 1:00,15.06,12.89
06/08/17 2:00,16.16,14.64
06/08/17 3:00,14.76,18.3
06/08/17 4:00,17.11,16.72
06/08/17 5:00,15.98,15.53
06/08/17 6:00,40.96,19.83
06/08/17 7:00,57.95,24.37
06/08/17 8:00,20.87,22.83
06/08/17 9:00,18.91,22.11
06/08/17 10:00,22.28,21.75
06/08/17 11:00,23.61,20.31
06/08/17 12:00,25.11,21.87
06/08/17 13:00,27.89,19.31
06/08/17 14:00,33.45,18.38
06/08/17 15:00,29.48,22.07
06/08/17 16:00,34.43,19.83
06/08/17 17:00,51.93,16.71
06/08/17 18:00,46.19,21.04
06/08/17 19:00,18.74,23.3
06/08/17 20:00,16.46,21.56
06/08/17 21:00,20.83,23.75
06/08/17 22:00,21.83,23.32
06/08/17 23:00,22.77,23.12
07/08/17 0:00,18.45,20.29
07/08/17 1:00,16.89,20.51
07/08/17 2:00,17,18.4
07/08/17 3:00,20.71,17.78
07/08/17 4:00,21.29,18.43
07/08/17 5:00,21.21,18.43
07/08/17 6:00,23.65,19.29
07/08/17 7:00,16.5,21.53
07/08/17 8:00,16.85,20.11
07/08/17 9:00,24.4,22.79
07/08/17 10:00,36.29,26.82
07/08/17 11:00,26.24,28.1
07/08/17 12:00,16.02,23.96
07/08/17 13:00,15.02,24.47
07/08/17 14:00,14.42,22.43
07/08/17 15:00,16.3,15.98
07/08/17 16:00,15.55,13.23
07/08/17 17:00,14.49,12.54
07/08/17 18:00,13.98,14.66
07/08/17 19:00,17.09,22.54
07/08/17 20:00,21.27,30.37
07/08/17 21:00,24.14,28.43
07/08/17 22:00,27.34,23.3
07/08/17 23:00,26.4,22.67
08/08/17 0:00,27.34,18.73
08/08/17 1:00,25.83,21.57
08/08/17 2:00,22.96,29.8
08/08/17 3:00,21.66,31.82
08/08/17 4:00,24.48,25.47
08/08/17 5:00,28.8,24.12
08/08/17 6:00,32.25,24.02
08/08/17 7:00,41.21,20.7
08/08/17 8:00,59.92,17.06
08/08/17 9:00,40.57,19.15
08/08/17 10:00,26.9,21.78
08/08/17 11:00,39.55,17.98
08/08/17 12:00,41.96,17.15
08/08/17 13:00,31.19,14.69
08/08/17 14:00,31.58,22.44
08/08/17 15:00,23.54,34.18
08/08/17 16:00,19.14,30.88
08/08/17 17:00,17.41,24.43
08/08/17 18:00,19.84,25.31
08/08/17 19:00,21.71,24.54
08/08/17 20:00,31.55,22.72
08/08/17 21:00,40.39,22.85
08/08/17 22:00,48.57,21.85
08/08/17 23:00,55.92,22.46
09/08/17 0:00,43.15,32.95
09/08/17 1:00,37.43,33.73
09/08/17 2:00,35.43,27.47
09/08/17 3:00,32.75,27.22
09/08/17 4:00,38.65,25.84
09/08/17 5:00,42.63,22.51
09/08/17 6:00,29.49,20.89
09/08/17 7:00,22.07,17
09/08/17 8:00,15.58,17.12
09/08/17 9:00,13.84,15.74
09/08/17 10:00,23.79,12.92
09/08/17 11:00,24.05,13.27
09/08/17 12:00,30.02,19.51
09/08/17 13:00,17.38,22.4
09/08/17 14:00,11.73,17.28
09/08/17 15:00,14.28,21.95
09/08/17 16:00,7.39,26.41
09/08/17 17:00,7.43,20.67
09/08/17 18:00,9.78,26.12
09/08/17 19:00,24.11,29.3
09/08/17 20:00,21.81,22.02
09/08/17 21:00,15.94,19.51
09/08/17 22:00,10.61,15.14
09/08/17 23:00,27.84,13.46
10/08/17 0:00,8.21,12.31
10/08/17 1:00,7.86,11.72
10/08/17 2:00,11.85,12.78
10/08/17 3:00,13.96,15.27
10/08/17 4:00,14.56,14.26
10/08/17 5:00,15.93,13.42
10/08/17 6:00,18.89,17.36
10/08/17 7:00,18.94,20.86
10/08/17 8:00,16.98,17.38
10/08/17 9:00,16.98,17.51
10/08/17 10:00,15.83,19.46
10/08/17 11:00,14.45,16.62
10/08/17 12:00,15.13,16.01
10/08/17 13:00,15.45,20.11
10/08/17 14:00,14.46,24.52
10/08/17 15:00,14.7,17.02
10/08/17 16:00,17.11,15.87
10/08/17 17:00,21.06,17.87
10/08/17 18:00,21.22,17.61
10/08/17 19:00,19.63,20.64
10/08/17 20:00,22.49,28.93
10/08/17 21:00,24.78,31.98
10/08/17 22:00,27.29,25.84
10/08/17 23:00,25.62,23.48
11/08/17 0:00,25.24,18.86
11/08/17 1:00,24.3,19.43
11/08/17 2:00,25.59,24.38
11/08/17 3:00,38.8,24.55
11/08/17 4:00,26.75,18.14
11/08/17 5:00,25.6,15.73
11/08/17 6:00,24.64,18.83
11/08/17 7:00,22.38,22.79
11/08/17 8:00,19.42,25.85
11/08/17 9:00,18.66,26.07
11/08/17 10:00,16.31,23.5
11/08/17 11:00,15,26.33
11/08/17 12:00,13.73,24.94
11/08/17 13:00,15.38,23.43
11/08/17 14:00,18.16,25.06
11/08/17 15:00,18.89,17.49
11/08/17 16:00,16.61,17.97
11/08/17 17:00,17.37,28.92
11/08/17 18:00,16.02,33.91
11/08/17 19:00,18.32,24.24
11/08/17 20:00,27.8,18.13
11/08/17 21:00,33.41,20.72
11/08/17 22:00,30.02,29.54
11/08/17 23:00,37.29,30.36
12/08/17 0:00,19.94,25.87
12/08/17 1:00,21.02,21.83
12/08/17 2:00,18.91,20.49
12/08/17 3:00,18.02,23.12
12/08/17 4:00,26.46,24.4
12/08/17 5:00,20.56,20.57
12/08/17 6:00,20.14,20.03
12/08/17 7:00,19.48,21.6
12/08/17 8:00,19.79,20.17
12/08/17 9:00,17,20.93
12/08/17 10:00,13.33,16.9
12/08/17 11:00,15.52,16.81
12/08/17 12:00,16.15,18.75
12/08/17 13:00,20.28,21.88
12/08/17 14:00,19.63,20.13
12/08/17 15:00,17.47,17.57
12/08/17 16:00,19.88,16.73
12/08/17 17:00,20.26,17.85
12/08/17 18:00,21.22,20.38
12/08/17 19:00,28.84,18.25
12/08/17 20:00,27.44,22.53
12/08/17 21:00,21.43,23.01
12/08/17 22:00,22.33,24.17
12/08/17 23:00,19.02,30.45
13/08/17 0:00,17.15,25.84
13/08/17 1:00,14.18,21.86
13/08/17 2:00,13.62,19.98
13/08/17 3:00,12.53,21.17
13/08/17 4:00,11.55,20.43
13/08/17 5:00,12.09,22.47
13/08/17 6:00,15.02,19.46
13/08/17 7:00,13.22,18.04
13/08/17 8:00,13.93,15.37
13/08/17 9:00,13.67,17.75
13/08/17 10:00,12.96,22.41
13/08/17 11:00,13.68,22.19
13/08/17 12:00,15.26,20.47
13/08/17 13:00,16.06,19.1
13/08/17 14:00,11.13,22.21
13/08/17 15:00,14.34,27.42
13/08/17 16:00,14.89,24.48
13/08/17 17:00,10.32,50.56
13/08/17 18:00,13.89,68.66
13/08/17 19:00,18.67,39.09
13/08/17 20:00,18.63,25.78
13/08/17 21:00,24.74,19.93
13/08/17 22:00,12.02,19.32
13/08/17 23:00,14.1,21.67
14/08/17 0:00,15.67,19.17
14/08/17 1:00,12.68,22.01
14/08/17 2:00,14.54,23.28
14/08/17 3:00,16.19,22.6
14/08/17 4:00,16.2,23.83
14/08/17 5:00,11.18,22.01
14/08/17 6:00,12.46,21.58
14/08/17 7:00,13.05,24.93
14/08/17 8:00,13.19,26.02
14/08/17 9:00,13.29,28.31
14/08/17 10:00,12.88,23.85
14/08/17 11:00,11,24.88
14/08/17 12:00,8.86,21.03
14/08/17 13:00,11.11,17.88
14/08/17 14:00,15.19,15.59
14/08/17 15:00,18.91,14.27
14/08/17 16:00,22.92,14.41
14/08/17 17:00,26.94,14.07
14/08/17 18:00,22.18,15.88
14/08/17 19:00,19.02,19.65
14/08/17 20:00,18.13,26.94
14/08/17 21:00,7.8,31.6
14/08/17 22:00,8.4,24.39
14/08/17 23:00,8.05,22.92
15/08/17 0:00,8.02,20.24
15/08/17 1:00,7.43,22.24
15/08/17 2:00,7.89,21.69
15/08/17 3:00,9.38,19.68
15/08/17 4:00,13.61,21.08
15/08/17 5:00,12.46,24.07
15/08/17 6:00,10.54,21.88
15/08/17 7:00,12.07,23.7
15/08/17 8:00,10.9,20.87
15/08/17 9:00,11.85,22.08
15/08/17 10:00,14.9,21.43
15/08/17 11:00,19.13,22.16
15/08/17 12:00,19.84,26.61
15/08/17 13:00,19.04,27.46
15/08/17 14:00,14.9,26.75
15/08/17 15:00,15.64,24.25
15/08/17 16:00,17.67,24.77
15/08/17 17:00,16.73,28.2
15/08/17 18:00,19.4,25.94
15/08/17 19:00,20.24,27.64
15/08/17 20:00,17.33,26.71
15/08/17 21:00,14.08,30.12
15/08/17 22:00,20.18,25.71
15/08/17 23:00,23.46,25.99
16/08/17 0:00,19.95,22.67
16/08/17 1:00,15.74,23.2
16/08/17 2:00,15.95,18.82
16/08/17 3:00,14.59,16.97
16/08/17 4:00,14.16,20.49
16/08/17 5:00,12.07,20.77
16/08/17 6:00,12.5,21.01
16/08/17 7:00,14.55,23.95
16/08/17 8:00,14.57,18.04
16/08/17 9:00,15.23,17.18
16/08/17 10:00,16.22,20.66
16/08/17 11:00,20.54,20.8
16/08/17 12:00,23.27,22.42
16/08/17 13:00,21.87,28.47
16/08/17 14:00,17.75,26.57
16/08/17 15:00,16.5,19.13
16/08/17 16:00,18.29,17.86
16/08/17 17:00,17.85,21.89
16/08/17 18:00,19.32,24.22
16/08/17 19:00,20.88,23.41
16/08/17 20:00,29.96,25.34
16/08/17 21:00,36.7,27.61
16/08/17 22:00,39.46,24.31
16/08/17 23:00,40.8,27.86
17/08/17 0:00,28.7,28.32
17/08/17 1:00,26.33,26.4
17/08/17 2:00,25.51,24.33
17/08/17 3:00,22.54,19.2
17/08/17 4:00,22.26,23.66
17/08/17 5:00,12.02,26.96
17/08/17 6:00,6.11,24.1
17/08/17 7:00,8.91,24.48
17/08/17 8:00,12.27,22.07
17/08/17 9:00,13.09,22.33
17/08/17 10:00,10.85,17
17/08/17 11:00,11.45,13.93
17/08/17 12:00,10.75,14.96
17/08/17 13:00,10.62,16.11
17/08/17 14:00,12.2,13.36
17/08/17 15:00,18,14.6
17/08/17 16:00,26.56,20.3
17/08/17 17:00,24.6,23.13
17/08/17 18:00,15.51,22.78
17/08/17 19:00,9.34,26.94
17/08/17 20:00,24.44,29.38
17/08/17 21:00,10.6,25.79
17/08/17 22:00,9.87,24.16
17/08/17 23:00,14.73,20.82
18/08/17 0:00,20,17.61
18/08/17 1:00,14.29,17.19
18/08/17 2:00,14.98,15.14
18/08/17 3:00,18.86,14.88
18/08/17 4:00,17.41,15.53
18/08/17 5:00,17.59,16.01
18/08/17 6:00,19.89,15.46
18/08/17 7:00,21.25,18.95
18/08/17 8:00,18.94,21.96
18/08/17 9:00,19.49,23.83
18/08/17 10:00,32.92,26.64
18/08/17 11:00,49.78,27.13
18/08/17 12:00,29.75,25.74
18/08/17 13:00,26.47,22.65
18/08/17 14:00,22.77,22.03
18/08/17 15:00,11.63,21.11
18/08/17 16:00,6.47,18
18/08/17 17:00,6.55,14.65
18/08/17 18:00,16.02,14.43
18/08/17 19:00,12.37,19.05
18/08/17 20:00,16.93,23.52
18/08/17 21:00,14.48,20.06
18/08/17 22:00,17.13,19.24
18/08/17 23:00,14.93,23.83
19/08/17 0:00,10.84,23.92
19/08/17 1:00,11.42,21.03
19/08/17 2:00,11.16,21.41
19/08/17 3:00,11.65,24.4
19/08/17 4:00,13.81,21.02
19/08/17 5:00,16.91,22.91
19/08/17 6:00,23.69,25.37
19/08/17 7:00,24.77,23.78
19/08/17 8:00,22.61,21.08
19/08/17 9:00,22.7,25.43
19/08/17 10:00,17.3,25.35
19/08/17 11:00,12.19,23.16
19/08/17 12:00,10.62,26.84
19/08/17 13:00,11.57,36.61
19/08/17 14:00,9.51,40.97
19/08/17 15:00,11.8,27.86
19/08/17 16:00,17.64,30.56
19/08/17 17:00,14.3,37.7
19/08/17 18:00,12.9,30.53
19/08/17 19:00,14.18,35.02
19/08/17 20:00,13.65,33.81
19/08/17 21:00,13.35,31.23
19/08/17 22:00,13.33,35.21
19/08/17 23:00,13.94,39.86
20/08/17 0:00,12.13,32.84
20/08/17 1:00,12.71,34.9
20/08/17 2:00,10.82,32.55
20/08/17 3:00,16.38,23.14
20/08/17 4:00,12.11,22.71
20/08/17 5:00,9.73,26.82
20/08/17 6:00,14.63,30.7
20/08/17 7:00,9.75,30.54
20/08/17 8:00,13.11,28.32
20/08/17 9:00,14.57,26.53
20/08/17 10:00,13.94,23.55
20/08/17 11:00,9.29,23.81
20/08/17 12:00,11.53,24.65
20/08/17 13:00,10.68,28.78
20/08/17 14:00,10.14,26.42
20/08/17 15:00,14.92,32.94
20/08/17 16:00,13.63,30.65
20/08/17 17:00,14.7,26.15
20/08/17 18:00,6.51,20.8
20/08/17 19:00,7.58,16.02
20/08/17 20:00,7.26,19.5
20/08/17 21:00,8.8,27.46
20/08/17 22:00,8.93,25.46
20/08/17 23:00,7.55,20.79
21/08/17 0:00,8.14,18.26
21/08/17 1:00,8.25,18.55
21/08/17 2:00,8.09,14.59
21/08/17 3:00,8.14,12.46
21/08/17 4:00,10.23,13.73
21/08/17 5:00,14.26,18.45
21/08/17 6:00,11.64,21.39
21/08/17 7:00,11.61,23.76
21/08/17 8:00,16.05,25.15
21/08/17 9:00,9.45,20.77
21/08/17 10:00,7.08,19.3
21/08/17 11:00,10.19,20.47
21/08/17 12:00,15,18.7
21/08/17 13:00,6.1,21.2
21/08/17 14:00,5.13,24.81
21/08/17 15:00,5.84,25.2
21/08/17 16:00,4.19,18.72
21/08/17 17:00,7.22,18.56
21/08/17 18:00,6.63,24.34
21/08/17 19:00,5.96,24.64
21/08/17 20:00,9.82,23.99
21/08/17 21:00,6.94,26.76
21/08/17 22:00,6.39,20.52
21/08/17 23:00,6.13,20.64
22/08/17 0:00,6.8,19.92
22/08/17 1:00,6.92,15.48
22/08/17 2:00,7.82,16.56
22/08/17 3:00,8.68,22.45
22/08/17 4:00,11.63,23.13
22/08/17 5:00,16.57,16.94
22/08/17 6:00,21.16,16.68
22/08/17 7:00,23.82,20.51
22/08/17 8:00,25.11,23.74
22/08/17 9:00,17.16,24.31
22/08/17 10:00,19.16,18.2
22/08/17 11:00,16.11,27.67
22/08/17 12:00,13.09,36.2
22/08/17 13:00,15.52,22.91
22/08/17 14:00,17.78,17.8
22/08/17 15:00,19.76,17.73
22/08/17 16:00,25.65,17.9
22/08/17 17:00,50.68,20.31
22/08/17 18:00,74.24,25.8
22/08/17 19:00,109.54,29.04
22/08/17 20:00,84.66,32.84
22/08/17 21:00,57,35.2
22/08/17 22:00,46.51,30.46
22/08/17 23:00,25.07,30.53
23/08/17 0:00,21.07,30.25
23/08/17 1:00,16.74,25.26
23/08/17 2:00,17.21,19.52
23/08/17 3:00,25.5,19.31
23/08/17 4:00,21.32,19.07
23/08/17 5:00,15.96,19.54
23/08/17 6:00,16.61,23.9
23/08/17 7:00,24.05,26.21
23/08/17 8:00,19.02,22.72
23/08/17 9:00,12.86,25.59
23/08/17 10:00,10.76,24.14
23/08/17 11:00,19.48,19.91
23/08/17 12:00,31.81,21.25
23/08/17 13:00,35.15,25.14
23/08/17 14:00,55.12,24.72
23/08/17 15:00,39.13,28.24
23/08/17 16:00,29.64,24.84
23/08/17 17:00,26.85,20.13
23/08/17 18:00,31.33,20.8
23/08/17 19:00,35.45,20.64
23/08/17 20:00,27.21,22.03
23/08/17 21:00,30.9,23.7
23/08/17 22:00,32.91,25.93
23/08/17 23:00,37.5,26.69
24/08/17 0:00,39.07,21.74
24/08/17 1:00,41.36,22.78
24/08/17 2:00,38.66,24.95
24/08/17 3:00,39.23,24.44
24/08/17 4:00,40.5,27.38
24/08/17 5:00,42.61,27.31
24/08/17 6:00,40.84,22.05
24/08/17 7:00,41,22.78
24/08/17 8:00,34,24.34
24/08/17 9:00,29.02,26.85
24/08/17 10:00,29.72,24.35
24/08/17 11:00,32.1,21.34
24/08/17 12:00,28.86,16.89
24/08/17 13:00,26.55,15.61
24/08/17 14:00,29.17,17.92
24/08/17 15:00,39,21.73
24/08/17 16:00,47.43,20.53
24/08/17 17:00,62.14,21.48
24/08/17 18:00,86.7,26.1
24/08/17 19:00,57.56,28.16
24/08/17 20:00,88.98,30.86
24/08/17 21:00,92.36,38.73
24/08/17 22:00,92.38,32.7
24/08/17 23:00,90.73,30.69
25/08/17 0:00,86.71,34.29
25/08/17 1:00,81.27,32.41
25/08/17 2:00,61.12,31.46
25/08/17 3:00,64.55,28.86
25/08/17 4:00,55.84,25.37
25/08/17 5:00,61.84,26.06
25/08/17 6:00,57.75,26.75
25/08/17 7:00,72.46,29.05
25/08/17 8:00,72.05,29.49
25/08/17 9:00,72.21,30.21
25/08/17 10:00,71.07,29.61
25/08/17 11:00,58.02,30.09
25/08/17 12:00,48.48,31.35
25/08/17 13:00,48.05,31.6
25/08/17 14:00,31.29,35.23
25/08/17 15:00,31.87,34.4
25/08/17 16:00,30.22,27.11
25/08/17 17:00,28.41,25.19
25/08/17 18:00,18.07,21.24
25/08/17 19:00,15.64,19.61
25/08/17 20:00,23.03,22.96
25/08/17 21:00,25.7,27.5
25/08/17 22:00,25.07,25.08
25/08/17 23:00,27.21,24.65
26/08/17 0:00,26.8,20.96
26/08/17 1:00,28.25,18.97
26/08/17 2:00,29.34,17.88
26/08/17 3:00,30.91,17.79
26/08/17 4:00,30.55,20.98
26/08/17 5:00,29.21,23.39
26/08/17 6:00,29.04,20.91
26/08/17 7:00,29.34,21.98
26/08/17 8:00,36.66,21.3
26/08/17 9:00,55.23,25.19
26/08/17 10:00,65.75,28.75
26/08/17 11:00,49.44,32.67
26/08/17 12:00,51.17,29.86
26/08/17 13:00,49.85,30.33
26/08/17 14:00,55.24,32.29
26/08/17 15:00,49.98,33.37
26/08/17 16:00,34.6,29.49
26/08/17 17:00,25.02,30.63
26/08/17 18:00,24.22,28.42
26/08/17 19:00,37.3,24.71
26/08/17 20:00,28.98,25.71
26/08/17 21:00,20.87,26.32
26/08/17 22:00,22.64,21.61
26/08/17 23:00,18.73,15.94
27/08/17 0:00,18.39,13.88
27/08/17 1:00,17.75,15.17
27/08/17 2:00,20.28,15.76
27/08/17 3:00,46.79,15.78
27/08/17 4:00,41.18,26.06
27/08/17 5:00,38.46,31.98
27/08/17 6:00,38.8,24.92
27/08/17 7:00,37.88,25.67
27/08/17 8:00,41.3,28.21
27/08/17 9:00,66.96,32.58
27/08/17 10:00,74.65,31.76
27/08/17 11:00,73.25,34.97
27/08/17 12:00,39.25,40.85
27/08/17 13:00,21.85,40.17
27/08/17 14:00,11.12,28.74
27/08/17 15:00,11.13,25.03
27/08/17 16:00,8.57,23.09
27/08/17 17:00,11.09,21.43
27/08/17 18:00,13.48,18.48
27/08/17 19:00,18.62,18.49
27/08/17 20:00,24.98,16.49
27/08/17 21:00,24.69,18.43
27/08/17 22:00,24.3,19.1
27/08/17 23:00,21.62,16.93
28/08/17 0:00,17.76,14.44
28/08/17 1:00,16.48,15.11
28/08/17 2:00,19.65,15.24
28/08/17 3:00,19.2,15.69
28/08/17 4:00,20.62,19.51
28/08/17 5:00,8.31,21.27
28/08/17 6:00,4.71,18.83
28/08/17 7:00,5.04,15.26
28/08/17 8:00,5.04,15.29
28/08/17 9:00,6.72,16.81
28/08/17 10:00,11.56,19.81
28/08/17 11:00,3.68,23.87
28/08/17 12:00,4.73,22.34
28/08/17 13:00,4.07,20.52
28/08/17 14:00,4.23,20.23
28/08/17 15:00,2.77,22.15
28/08/17 16:00,2.88,17.88
28/08/17 17:00,3.38,17.72
28/08/17 18:00,3.92,18.59
28/08/17 19:00,6.09,19.21
28/08/17 20:00,8.88,18.34
28/08/17 21:00,7.91,17.54
28/08/17 22:00,7.46,19.38
28/08/17 23:00,6.45,18.08
29/08/17 0:00,5.45,14.04
29/08/17 1:00,4.28,14.89
29/08/17 2:00,3.96,18.29
29/08/17 3:00,5.4,18.81
29/08/17 4:00,5.45,20.93
29/08/17 5:00,5.61,22.52
29/08/17 6:00,8.98,22.19
29/08/17 7:00,9.75,22.72
29/08/17 8:00,11.48,22.99
29/08/17 9:00,14.98,21.68
29/08/17 10:00,10.39,22.7
29/08/17 11:00,7.51,22.41
29/08/17 12:00,6.05,21.07
29/08/17 13:00,5.5,25.35
29/08/17 14:00,5.13,21.2
29/08/17 15:00,4.97,15.87
29/08/17 16:00,5.28,19.71
29/08/17 17:00,6.73,26.1
29/08/17 18:00,9.39,22
29/08/17 19:00,17.16,21.38
29/08/17 20:00,21.12,21.03
29/08/17 21:00,19.45,16.9
29/08/17 22:00,17.48,17.36
29/08/17 23:00,15.87,17.37
30/08/17 0:00,13.13,19.75
30/08/17 1:00,12.36,25.77
30/08/17 2:00,11.66,24
30/08/17 3:00,10.21,23.31
30/08/17 4:00,10.32,18.02
30/08/17 5:00,17.18,15.39
30/08/17 6:00,19.2,17.8
30/08/17 7:00,22.59,19.06
30/08/17 8:00,27.79,17.17
30/08/17 9:00,30.35,19.25
30/08/17 10:00,20.63,20.47
30/08/17 11:00,13.23,20.16
30/08/17 12:00,11.98,19.09
30/08/17 13:00,11.84,15.4
30/08/17 14:00,8.95,14.9
30/08/17 15:00,9.63,14.98
30/08/17 16:00,8.36,13.07
30/08/17 17:00,9.91,17.91
30/08/17 18:00,11.33,27.87
30/08/17 19:00,16.56,27.98
30/08/17 20:00,15.49,21.21
30/08/17 21:00,16.78,20.67
30/08/17 22:00,15.57,24.04
30/08/17 23:00,16.49,21.46
31/08/17 0:00,17.57,20.55
31/08/17 1:00,16.67,20.31
31/08/17 2:00,19.35,17.26
31/08/17 3:00,16.51,22.48
31/08/17 4:00,22.07,30.26
31/08/17 5:00,23.36,30.36
31/08/17 6:00,20.98,28.19
31/08/17 7:00,18.6,26.78
31/08/17 8:00,14.38,22.53
31/08/17 9:00,11.86,18.91
31/08/17 10:00,9.89,21.19
31/08/17 11:00,19.72,23.56
31/08/17 12:00,10.89,22.28
31/08/17 13:00,8.39,23.97
31/08/17 14:00,8.54,22.73
31/08/17 15:00,8.68,24.92
31/08/17 16:00,11.02,21.54
31/08/17 17:00,10.63,41.96
31/08/17 18:00,6.81,57.35
31/08/17 19:00,7.81,34.3
31/08/17 20:00,12.72,29.22
31/08/17 21:00,12,29.82
31/08/17 22:00,12.96,21.53
31/08/17 23:00,10.2,19.51
01/09/17 0:00,10.18,17.47
01/09/17 1:00,11.63,15.54
01/09/17 2:00,10.88,15.09
01/09/17 3:00,13.85,18.72
01/09/17 4:00,10.67,20.13
01/09/17 5:00,11.6,18.92
01/09/17 6:00,11.09,22.58
01/09/17 7:00,10.87,24.93
01/09/17 8:00,12.6,25.01
01/09/17 9:00,11.84,21.04
01/09/17 10:00,12.4,22.45
01/09/17 11:00,12.61,22.06
01/09/17 12:00,14.67,17.39
01/09/17 13:00,17.28,15.97
01/09/17 14:00,19.74,18.89
01/09/17 15:00,18.6,22.77
01/09/17 16:00,12.66,16.74
01/09/17 17:00,8.5,18.63
01/09/17 18:00,14.13,24.57
01/09/17 19:00,13.03,22.13
01/09/17 20:00,18.05,19.84
01/09/17 21:00,19.06,19.98
01/09/17 22:00,34.8,21.03
01/09/17 23:00,23.3,25.65
02/09/17 0:00,12.39,19.81
02/09/17 1:00,14.2,16.48
02/09/17 2:00,16.69,17.51
02/09/17 3:00,18,18.54
02/09/17 4:00,13.09,17.45
02/09/17 5:00,19.32,17.8
02/09/17 6:00,28.34,23.98
02/09/17 7:00,20.73,24.91
02/09/17 8:00,15.21,19.45
02/09/17 9:00,24.25,19.75
02/09/17 10:00,72.45,23.73
02/09/17 11:00,76.86,27.38
02/09/17 12:00,56.13,30.7
02/09/17 13:00,49.41,34.78
02/09/17 14:00,38.83,29.72
02/09/17 15:00,27.25,25.86
02/09/17 16:00,23.33,28.01
02/09/17 17:00,7.17,22.62
02/09/17 18:00,6.8,22.73
02/09/17 19:00,7.54,25.88
02/09/17 20:00,9.43,18.65
02/09/17 21:00,11.21,15.28
02/09/17 22:00,12.15,13.65
02/09/17 23:00,12.18,13.57
03/09/17 0:00,9.98,13.84
03/09/17 1:00,10.4,15.03
03/09/17 2:00,12.66,16.8
03/09/17 3:00,13.36,21.78
03/09/17 4:00,12.56,21.62
03/09/17 5:00,12.13,22.22
03/09/17 6:00,13.36,21.75
03/09/17 7:00,14.86,17.52
03/09/17 8:00,13.31,18.52
03/09/17 9:00,11.15,19.58
03/09/17 10:00,11.73,19.18
03/09/17 11:00,12.38,22.75
03/09/17 12:00,12.76,21.34
03/09/17 13:00,13.93,21.21
03/09/17 14:00,14.6,22.8
03/09/17 15:00,15.22,22.08
03/09/17 16:00,9.47,29.21
03/09/17 17:00,8.93,39.26
03/09/17 18:00,13.71,27.6
03/09/17 19:00,22.4,24.46
03/09/17 20:00,37.14,21.12
03/09/17 21:00,50.24,25.26
03/09/17 22:00,47.38,26.83
03/09/17 23:00,46.89,21.29
04/09/17 0:00,52.66,21.25
04/09/17 1:00,40.75,19.12
04/09/17 2:00,27.2,21.82
04/09/17 3:00,33.34,25.77
04/09/17 4:00,39.39,24.07
04/09/17 5:00,43.68,24.35
04/09/17 6:00,40.55,23.26
04/09/17 7:00,29.96,21.99
04/09/17 8:00,30.68,19.33
04/09/17 9:00,28.59,21.26
04/09/17 10:00,16.65,23.55
04/09/17 11:00,18.2,23.82
04/09/17 12:00,19.5,28.79
04/09/17 13:00,22,32.21
04/09/17 14:00,19.72,23.43
04/09/17 15:00,19.11,23.25
04/09/17 16:00,12.13,25.44
04/09/17 17:00,13.98,19.3
04/09/17 18:00,14.45,16.83
04/09/17 19:00,23,13.75
04/09/17 20:00,22.53,19.69
04/09/17 21:00,19.1,28.51
04/09/17 22:00,17.47,23.86
04/09/17 23:00,18.07,21.21
05/09/17 0:00,20.66,18.26
05/09/17 1:00,20.59,19.02
05/09/17 2:00,22.41,22.63
05/09/17 3:00,18.84,20.54
05/09/17 4:00,19.05,16
05/09/17 5:00,20.52,13.76
05/09/17 6:00,22.64,15.92
05/09/17 7:00,23.23,19.39
05/09/17 8:00,23.2,22.8
05/09/17 9:00,17.71,26.93
05/09/17 10:00,15.94,23.22
05/09/17 11:00,18.91,21.98
05/09/17 12:00,21.67,20.03
05/09/17 13:00,22.79,20.36
05/09/17 14:00,22.67,19.16
05/09/17 15:00,22.48,20.93
05/09/17 16:00,23.37,22.74
05/09/17 17:00,23.13,22.43
05/09/17 18:00,27.41,19.62
05/09/17 19:00,45.17,20.95
05/09/17 20:00,44.82,21.32
05/09/17 21:00,49.73,22.55
05/09/17 22:00,59.64,25.73
05/09/17 23:00,49.44,26.21
06/09/17 0:00,21.18,24.71
06/09/17 1:00,22.31,20.71
06/09/17 2:00,26.11,19.36
06/09/17 3:00,27.13,19.66
06/09/17 4:00,20.43,19.7
06/09/17 5:00,21.78,23.37
06/09/17 6:00,26.47,19.78
06/09/17 7:00,39.02,18.77
06/09/17 8:00,25.29,24.05
06/09/17 9:00,22.33,28.44
06/09/17 10:00,35.42,25.23
06/09/17 11:00,44.56,24.82
06/09/17 12:00,31.5,21.9
06/09/17 13:00,33.03,16.56
06/09/17 14:00,42.96,21.05
06/09/17 15:00,34.63,25.66
06/09/17 16:00,32.26,20.68
06/09/17 17:00,44.54,19.29
06/09/17 18:00,48.6,22.04
06/09/17 19:00,57,27.25
06/09/17 20:00,66.77,23.41
06/09/17 21:00,73.43,26.92
06/09/17 22:00,70.57,31.65
06/09/17 23:00,67.6,35.13
07/09/17 0:00,61.36,34.58
07/09/17 1:00,48.33,32.02
07/09/17 2:00,56.47,27.04
07/09/17 3:00,48.71,25.99
07/09/17 4:00,55.93,29.61
07/09/17 5:00,61.56,27.34
07/09/17 6:00,54.24,27.58
07/09/17 7:00,60.96,30.98
07/09/17 8:00,57.1,26.03
07/09/17 9:00,58.66,26.82
07/09/17 10:00,48.43,24.34
07/09/17 11:00,40.82,24.44
07/09/17 12:00,33.18,24.6
07/09/17 13:00,36.44,22.98
07/09/17 14:00,49.84,24.85
07/09/17 15:00,57.07,32.08
07/09/17 16:00,56.49,37.06
07/09/17 19:00,71.33,65.97
07/09/17 20:00,76.45,47.27
07/09/17 21:00,74.94,48.48
07/09/17 22:00,75.69,42.54
07/09/17 23:00,78.95,37.22
08/09/17 0:00,85.18,37.11
08/09/17 1:00,88.3,31.24
08/09/17 2:00,82.61,37.09
08/09/17 3:00,64.77,43.03
08/09/17 4:00,76.36,32.28
08/09/17 5:00,82.38,33.47
08/09/17 6:00,82,30.72
08/09/17 7:00,82,27.07
08/09/17 8:00,85.34,34.42
08/09/17 9:00,60.11,38.57
08/09/17 10:00,33.37,28.77
08/09/17 11:00,29.53,25.47
08/09/17 12:00,25.83,18.64
08/09/17 13:00,21.41,18
08/09/17 14:00,24.51,17.49
08/09/17 15:00,25.95,16.87
08/09/17 16:00,21.86,22.64
08/09/17 17:00,29.53,32.32
08/09/17 18:00,28.82,42.19
08/09/17 19:00,54.52,50.2
08/09/17 20:00,56.14,50.81
08/09/17 21:00,56.52,31.73
08/09/17 22:00,58.57,27.76
08/09/17 23:00,62.91,25.75
09/09/17 0:00,60.78,26.09
09/09/17 1:00,66.1,30.3
09/09/17 2:00,77.65,27.78
09/09/17 3:00,59.93,30.55
09/09/17 4:00,51.06,23.35
09/09/17 5:00,35.55,26.97
09/09/17 6:00,19.59,33.4
09/09/17 7:00,15.07,29.24
09/09/17 8:00,14.36,21.37
09/09/17 9:00,11.2,21.32
09/09/17 10:00,12.83,20.43
09/09/17 11:00,12.43,16.18
09/09/17 12:00,13.97,18.06
09/09/17 13:00,12.64,19.29
09/09/17 14:00,21.93,19.92
09/09/17 15:00,14.16,23.07
09/09/17 16:00,14.77,17.41
09/09/17 17:00,14.53,15.21
09/09/17 18:00,13.56,18.3
09/09/17 19:00,17.95,23.02
09/09/17 20:00,11.37,21.45
09/09/17 21:00,18.38,20.8
09/09/17 22:00,20.25,19.33
09/09/17 23:00,20.05,17.46
10/09/17 0:00,13.55,20.31
10/09/17 1:00,11.83,18.71
10/09/17 2:00,14.07,14.41
10/09/17 3:00,14.16,13.92
10/09/17 4:00,13,20.19
10/09/17 5:00,13.91,24.62
10/09/17 6:00,14.3,19.07
10/09/17 7:00,11.44,15.57
10/09/17 8:00,11.02,15.3
10/09/17 9:00,14.25,14.63
10/09/17 10:00,19.7,19.44
10/09/17 11:00,25.38,24.89
10/09/17 12:00,18.07,22.01
10/09/17 13:00,16.24,22.57
10/09/17 14:00,17.24,23.48
10/09/17 15:00,10.2,27.52
10/09/17 16:00,11.6,23.75
10/09/17 17:00,20.36,27.93
10/09/17 18:00,6.8,24.82
10/09/17 19:00,9.45,18.3
10/09/17 20:00,10.29,16.65
10/09/17 21:00,9.61,15.9
10/09/17 22:00,13.33,17.25
10/09/17 23:00,17.91,22.29
11/09/17 0:00,13.04,22.06
11/09/17 1:00,12.4,19.49
11/09/17 2:00,11.22,19.61
11/09/17 3:00,9.89,23.22
11/09/17 4:00,42.55,19.88
11/09/17 5:00,23.75,17.97
11/09/17 6:00,19.48,25.53
11/09/17 7:00,18.69,29.82
11/09/17 8:00,15.64,20.47
11/09/17 9:00,25.59,18.6
11/09/17 10:00,30.17,18.49
11/09/17 11:00,26.26,15.07
11/09/17 12:00,13.15,20.32
11/09/17 13:00,13.79,26.62
11/09/17 14:00,12.93,25.7
11/09/17 15:00,8.47,32.66
11/09/17 16:00,7.65,29.91
11/09/17 17:00,7.31,30.91
11/09/17 18:00,8.93,36.96
11/09/17 19:00,5.79,23.24
11/09/17 20:00,9.19,20.54
11/09/17 21:00,24.65,21.58
11/09/17 22:00,9.16,19.61
11/09/17 23:00,34.93,24.78
12/09/17 0:00,21.09,25.09
12/09/17 1:00,21.57,18.27
12/09/17 2:00,11.29,18.36
12/09/17 3:00,9.41,20.3
12/09/17 4:00,12.07,20.23
12/09/17 5:00,13.02,23.13
12/09/17 6:00,11.36,19.67
12/09/17 7:00,9.06,18.63
12/09/17 8:00,7.02,18.02
12/09/17 9:00,6.36,16.49
12/09/17 10:00,7.09,15.1
12/09/17 11:00,8.07,15.5
12/09/17 12:00,8.52,13.4
12/09/17 13:00,11.29,12.95
12/09/17 14:00,8.2,13.8
12/09/17 15:00,11.7,12.58
12/09/17 16:00,13.76,12.79
12/09/17 17:00,19.86,13.31
12/09/17 18:00,28.03,15.97
12/09/17 19:00,33.2,26.22
12/09/17 20:00,23.7,33.15
12/09/17 21:00,28.95,27.24
12/09/17 22:00,17.09,25.84
12/09/17 23:00,14.9,30.46
13/09/17 0:00,35.48,25.63
13/09/17 1:00,20.68,22.4
13/09/17 2:00,16.77,18.22
13/09/17 3:00,16.77,19.41
13/09/17 4:00,21.02,18.88
13/09/17 5:00,20.57,14.92
13/09/17 6:00,15.98,18.66
13/09/17 7:00,14.89,23
13/09/17 8:00,11.51,22.67
13/09/17 9:00,7.81,26.49
13/09/17 10:00,7.43,22.37
13/09/17 11:00,11.85,19.21
13/09/17 12:00,13.14,18.4
13/09/17 13:00,13.2,18.47
13/09/17 14:00,14.8,17.16
13/09/17 15:00,16.48,16.18
13/09/17 16:00,16.02,19.88
13/09/17 17:00,16.9,20.8
13/09/17 18:00,22.71,17.37
13/09/17 19:00,18.64,17.04
13/09/17 20:00,21.39,17.04
13/09/17 21:00,22.14,18.33
13/09/17 22:00,20.62,21.91
13/09/17 23:00,12.26,24.58
14/09/17 0:00,11.56,21.41
14/09/17 1:00,9.6,21.23
14/09/17 2:00,6.65,19.62
14/09/17 3:00,8.79,20.48
14/09/17 4:00,14.77,15.64
14/09/17 5:00,11.77,15.55
14/09/17 6:00,7.6,19.64
14/09/17 7:00,5.09,21.59
14/09/17 8:00,4.63,22.39
14/09/17 9:00,4.2,23.03
14/09/17 10:00,4.91,21.48
14/09/17 11:00,6.08,22.65
14/09/17 12:00,8.26,19.98
14/09/17 13:00,7.89,20.99
14/09/17 14:00,10.23,21.34
14/09/17 15:00,12.19,21.26
14/09/17 16:00,13.34,16.5
14/09/17 17:00,13.51,14.25
14/09/17 18:00,15.77,14.26
14/09/17 19:00,18.81,15.96
14/09/17 20:00,18.06,18.44
14/09/17 21:00,17.53,19.19
14/09/17 22:00,12.85,17.32
14/09/17 23:00,9.2,18.33
15/09/17 0:00,7.87,20.13
15/09/17 1:00,8.19,20.46
15/09/17 2:00,7.93,19.64
15/09/17 3:00,7.39,20.11
15/09/17 4:00,6.96,18.98
15/09/17 5:00,7.25,16.58
15/09/17 6:00,7.27,13.65
15/09/17 7:00,6.88,13.52
15/09/17 8:00,7.57,17.23
15/09/17 9:00,7.13,20.76
15/09/17 10:00,8.24,24.65
15/09/17 11:00,9.7,26.47
15/09/17 12:00,15.02,25.03
15/09/17 13:00,23.76,26.97
15/09/17 14:00,28.29,26.73
15/09/17 15:00,23.31,27.51
15/09/17 16:00,23.24,27.17
15/09/17 17:00,29.48,28.59
15/09/17 18:00,28.12,26.91
15/09/17 19:00,28.68,25.79
15/09/17 20:00,33.02,23.45
15/09/17 21:00,47.98,22.08
15/09/17 22:00,53.6,21.72
15/09/17 23:00,49.96,22.05
16/09/17 0:00,52.22,22.66
16/09/17 1:00,43,26.31
16/09/17 2:00,43.32,22.12
16/09/17 3:00,42.54,23.15
16/09/17 4:00,39.65,27.99
16/09/17 5:00,36.8,25.72
16/09/17 6:00,43.75,19.07
16/09/17 7:00,62.98,20.26
16/09/17 8:00,58.84,29.74
16/09/17 9:00,60.76,31.96
16/09/17 10:00,41.63,30.42
16/09/17 11:00,46.06,30.08
16/09/17 12:00,59.36,27.37
16/09/17 13:00,69.33,26.55
16/09/17 14:00,76.81,27.15
16/09/17 15:00,63.67,30.19
16/09/17 16:00,48.86,29.51
16/09/17 17:00,53.53,30.92
16/09/17 18:00,52.94,32.87
16/09/17 19:00,45.5,29.55
16/09/17 20:00,47.08,24.18
16/09/17 21:00,53.4,23.03
16/09/17 22:00,60.84,22.57
16/09/17 23:00,61.95,22.1
17/09/17 0:00,69.75,23.26
17/09/17 1:00,63.64,24.61
17/09/17 2:00,62.41,23.23
17/09/17 3:00,57.02,24.23
17/09/17 4:00,50.16,22.71
17/09/17 5:00,48.23,24.02
17/09/17 6:00,53.09,21.73
17/09/17 7:00,58.95,19.86
17/09/17 8:00,61.71,24.85
17/09/17 9:00,65.04,29.13
17/09/17 10:00,66.53,32.3
17/09/17 11:00,72.31,30.3
17/09/17 12:00,84.52,29.34
17/09/17 13:00,89.04,30.96
17/09/17 14:00,83.04,37.12
17/09/17 15:00,93.37,43.59
17/09/17 16:00,72.43,40.98
17/09/17 17:00,60.14,37.24
17/09/17 18:00,42.9,33.14
17/09/17 19:00,27.15,28.24
17/09/17 20:00,29.13,26.88
17/09/17 21:00,28.19,25.17
17/09/17 22:00,30.89,22.78
17/09/17 23:00,19.93,21.34
18/09/17 0:00,18.46,20.9
18/09/17 1:00,19.4,21.14
18/09/17 2:00,25.98,21.92
18/09/17 3:00,30.48,25.25
18/09/17 4:00,39.77,24.46
18/09/17 5:00,39.36,25.21
18/09/17 6:00,40.46,23.42
18/09/17 7:00,36.04,24.6
18/09/17 8:00,28.91,27.62
18/09/17 9:00,26.5,27.87
18/09/17 10:00,21.92,20.9
18/09/17 11:00,23.94,22.46
18/09/17 12:00,26.1,23.75
18/09/17 13:00,8.52,20.25
18/09/17 14:00,5.85,25.38
18/09/17 15:00,3.59,25.63
18/09/17 16:00,6.98,18.71
18/09/17 17:00,10.26,15.62
20/09/17 12:00,10.94,9.52
20/09/17 16:00,6.53,9.52
20/09/17 17:00,7.42,9.52
21/09/17 17:00,26.1,9.52
21/09/17 18:00,22.5,9.52
21/09/17 19:00,30.33,17.65
21/09/17 20:00,30.32,23.25
21/09/17 21:00,19.79,20.51
21/09/17 22:00,21.07,31.72
21/09/17 23:00,25.91,26.43
22/09/17 0:00,25.96,22.29
22/09/17 1:00,25.89,17.62
22/09/17 2:00,27.11,17.18
22/09/17 3:00,28.3,16.84
22/09/17 4:00,28.93,20.87
22/09/17 5:00,29.75,18.12
22/09/17 6:00,30.8,19.18
22/09/17 7:00,30.14,20.53
22/09/17 8:00,35.04,19.25
22/09/17 9:00,37.08,15.65
22/09/17 10:00,29.31,18.23
22/09/17 11:00,36.11,23.24
22/09/17 12:00,36.56,27.29
22/09/17 13:00,41.36,25.4
22/09/17 14:00,47.33,30.99
22/09/17 15:00,38.35,31.17
22/09/17 16:00,41.98,30.79
22/09/17 17:00,48.58,23.26
22/09/17 18:00,64.64,26.93
22/09/17 19:00,67.21,33.31
22/09/17 20:00,57.78,28.34
22/09/17 21:00,56.84,29.8
22/09/17 22:00,50.11,29.88
22/09/17 23:00,39.27,24.42
23/09/17 0:00,45.26,21.79
23/09/17 1:00,46.87,20.21
23/09/17 2:00,41.41,19.29
23/09/17 3:00,32.96,15.8
23/09/17 4:00,32.28,13.99
23/09/17 5:00,35.32,16.71
23/09/17 6:00,36.93,23.82
23/09/17 7:00,41.88,19.69
23/09/17 8:00,34.75,19.29
23/09/17 9:00,25.39,15.89
23/09/17 10:00,21.96,15.63
23/09/17 11:00,19.93,19.17
23/09/17 12:00,21.22,17.83
23/09/17 13:00,22.3,15.36
23/09/17 14:00,25.91,17.07
23/09/17 15:00,27.32,20.2
23/09/17 16:00,29.45,16.73
23/09/17 17:00,28.93,17.94
23/09/17 18:00,37.08,26.32
23/09/17 19:00,53.17,22.18
23/09/17 20:00,49.82,33.52
23/09/17 21:00,37.96,33.25
23/09/17 22:00,31.11,35.7
23/09/17 23:00,27.2,26.99
24/09/17 0:00,36.25,19.45
24/09/17 1:00,39.89,18.13
24/09/17 2:00,47.25,25.06
24/09/17 3:00,40,21.96
24/09/17 4:00,43.02,22.7
24/09/17 5:00,46,23.75
24/09/17 6:00,40.29,20.31
24/09/17 7:00,35.57,15.56
24/09/17 8:00,35.84,20.57
24/09/17 9:00,29.71,17.5
24/09/17 10:00,26.51,14.6
24/09/17 11:00,27.65,14.42
24/09/17 12:00,28.38,19.48
24/09/17 13:00,28.83,20.38
24/09/17 14:00,29.33,18.1
24/09/17 15:00,34.67,15.24
24/09/17 16:00,38.96,20.7
24/09/17 17:00,49.82,22.67
24/09/17 18:00,48.97,26.8
24/09/17 19:00,63.15,31.84
24/09/17 20:00,64.13,30.65
24/09/17 21:00,59.53,25.53
24/09/17 22:00,67.64,32
24/09/17 23:00,75.88,25.19
25/09/17 0:00,78.53,28.54
25/09/17 1:00,66.33,31.67
25/09/17 2:00,78.25,28.43
25/09/17 3:00,83.55,26.17
25/09/17 4:00,76.85,29.23
25/09/17 5:00,77.91,26.9
25/09/17 6:00,81.89,30.51
25/09/17 7:00,71.7,24.7
25/09/17 8:00,70.95,25.09
25/09/17 9:00,61.65,22.32
25/09/17 10:00,63.65,19.35
25/09/17 11:00,70,15.45
25/09/17 12:00,64.14,17.17
25/09/17 13:00,65.94,18.29
25/09/17 14:00,54,19.76
25/09/17 15:00,38.28,20.14
25/09/17 16:00,44.07,23.69
25/09/17 17:00,51.44,45.71
25/09/17 18:00,56.65,42.69
25/09/17 19:00,73.84,29.72
25/09/17 20:00,73.18,21.96
25/09/17 21:00,79.22,40.3
25/09/17 22:00,61.33,66.37
25/09/17 23:00,50.75,48.09
26/09/17 0:00,50.05,36.4
26/09/17 1:00,49.4,26.86
26/09/17 2:00,48.56,21.41
26/09/17 3:00,46.79,21.99
26/09/17 4:00,53.61,20.65
26/09/17 5:00,45.58,21.41
26/09/17 6:00,46.38,22.92
26/09/17 7:00,54.61,21.4
26/09/17 8:00,67.76,24.31
26/09/17 9:00,64.75,23.43
26/09/17 10:00,63.98,26.07
26/09/17 11:00,67.53,20.42
26/09/17 12:00,68.51,23.9
26/09/17 13:00,75.3,19.33
26/09/17 14:00,89.4,22.26
26/09/17 15:00,63.33,24.14
26/09/17 16:00,32.19,33.32
26/09/17 17:00,38.35,28.12
26/09/17 18:00,47.84,26.69
26/09/17 19:00,76.29,22.69
26/09/17 20:00,76.91,24.43
26/09/17 21:00,66.81,28.38
26/09/17 22:00,70.91,29.74
26/09/17 23:00,66.84,30.02
27/09/17 0:00,64.22,28.39
27/09/17 1:00,63.43,26.42
27/09/17 2:00,81.07,23.28
27/09/17 3:00,67.89,23.75
27/09/17 4:00,75.95,21.81
27/09/17 5:00,82.77,22.76
27/09/17 6:00,78.07,33.96
27/09/17 7:00,80.16,31.58
27/09/17 8:00,87.52,28.73
27/09/17 9:00,88.68,21.91
27/09/17 10:00,70.55,32.04
27/09/17 11:00,69.38,28.56
27/09/17 12:00,71.65,29.32
27/09/17 13:00,76.93,27.88
27/09/17 14:00,71.62,35.34
27/09/17 15:00,63.36,31.82
27/09/17 16:00,43.6,24.57
27/09/17 17:00,34.61,46.67
27/09/17 18:00,39.78,48.22
27/09/17 19:00,53.2,48.96
27/09/17 20:00,54.32,34.96
27/09/17 21:00,31.82,23.44
27/09/17 22:00,34.26,20.42
27/09/17 23:00,43.93,25.29
28/09/17 0:00,46.54,21.31
28/09/17 1:00,45.52,21.92
28/09/17 2:00,41.25,25.9
28/09/17 3:00,40.96,20.94
28/09/17 4:00,49.11,27.8
28/09/17 5:00,47.55,23.08
28/09/17 6:00,51.95,28.89
28/09/17 7:00,58.45,25.26
28/09/17 8:00,58.73,21.7
28/09/17 9:00,41.45,19.5
28/09/17 10:00,40.53,23.67
28/09/17 11:00,49.8,19.66
28/09/17 12:00,48.58,17.63
28/09/17 13:00,51.63,18.5
28/09/17 14:00,42.98,15.39
28/09/17 15:00,44.06,13.69
28/09/17 16:00,27.06,42.37
28/09/17 17:00,25.1,78.7
28/09/17 18:00,23.06,57.1
28/09/17 19:00,21.03,33.35
28/09/17 20:00,21.74,24.08
28/09/17 21:00,29.35,17.76
28/09/17 22:00,26.86,16.48
28/09/17 23:00,25.42,18.94
29/09/17 0:00,20.62,18.74
29/09/17 1:00,21,15.38
29/09/17 2:00,21.55,13.24
29/09/17 3:00,21.23,17.77
29/09/17 4:00,21.93,23.22
29/09/17 5:00,19.09,18.79
29/09/17 6:00,25.32,21.69
29/09/17 7:00,19.38,18.46
29/09/17 8:00,20.2,16.58
29/09/17 9:00,23.73,13.97
29/09/17 10:00,35.83,12.33
29/09/17 11:00,30.19,13
29/09/17 12:00,23.18,26.42
29/09/17 13:00,27.73,22.38
29/09/17 14:00,37.59,29.44
29/09/17 15:00,40.47,24.39
29/09/17 16:00,45.1,25.03
29/09/17 17:00,42.63,49.75
29/09/17 18:00,35,39.21
29/09/17 19:00,36.72,24.56
29/09/17 20:00,53.46,33.54
29/09/17 21:00,65.76,39.89
29/09/17 22:00,52.85,50.03
29/09/17 23:00,58.56,37.01
30/09/17 0:00,77.22,27.05
30/09/17 1:00,57.38,22.29
30/09/17 2:00,28.62,17.1
30/09/17 3:00,23.89,25.57
30/09/17 4:00,33.81,21.43
30/09/17 5:00,50.54,16
30/09/17 6:00,52.23,18.94
30/09/17 7:00,33.33,21.75
30/09/17 8:00,25.92,17.89
30/09/17 9:00,14.24,15.36
30/09/17 10:00,12.25,14.36
30/09/17 11:00,16.08,12.68
30/09/17 12:00,17.48,18.91
30/09/17 13:00,21.26,17.21
30/09/17 14:00,16.12,46.56
30/09/17 15:00,14.79,37.8
30/09/17 16:00,11.94,24.46
30/09/17 17:00,12.08,17.94
30/09/17 18:00,14.03,27.61
30/09/17 19:00,17.04,23.15
30/09/17 20:00,19.29,35.55
30/09/17 21:00,20.67,29.19
30/09/17 22:00,18.27,24.89
30/09/17 23:00,17.9,19.78
01/10/17 0:00,20.36,15.57
01/10/17 1:00,19.54,20.16
01/10/17 2:00,22.77,26.53
01/10/17 3:00,31.25,21.59
01/10/17 4:00,33.4,19.3
01/10/17 5:00,20.66,30.56
01/10/17 6:00,16.33,25.27
01/10/17 7:00,18.82,19.83
01/10/17 8:00,19.49,21.59
01/10/17 9:00,21.96,23.26
01/10/17 10:00,18.09,18.26
01/10/17 12:00,18,20.4
01/10/17 13:00,27,24.7
01/10/17 14:00,41,25.5
01/10/17 17:00,24,22.77
01/10/17 19:00,26,19.06
01/10/17 21:00,18.85,24.04
01/10/17 22:00,9.53,20.32
01/10/17 23:00,12.22,15.3
02/10/17 0:00,9.44,15.71
02/10/17 1:00,9.08,14.26
02/10/17 2:00,22.69,21.34
02/10/17 3:00,11.36,18.99
02/10/17 4:00,6.39,14.85
02/10/17 5:00,5.86,13.83
02/10/17 6:00,8.76,20.99
02/10/17 7:00,18.09,18.41
02/10/17 8:00,9.53,16.38
02/10/17 9:00,11.72,14.36
02/10/17 10:00,12,17.79
02/10/17 11:00,7.78,21.29
02/10/17 12:00,5.36,17.7
02/10/17 13:00,7.8,14.08
02/10/17 14:00,8,35.37
02/10/17 15:00,12.5,29.37
02/10/17 17:00,15.5,23.89
02/10/17 18:00,13.33,19.45
02/10/17 19:00,21,15.33
02/10/17 20:00,26.5,18.74
03/10/17 1:00,28,15.47
03/10/17 2:00,46,18.08
03/10/17 4:00,49.67,21.03
03/10/17 5:00,44.14,23.35
03/10/17 6:00,20.82,26.96
03/10/17 7:00,26.2,21.16
03/10/17 8:00,28,19.16
03/10/17 9:00,24.54,16.49
03/10/17 10:00,26.7,22.52
03/10/17 11:00,25.84,18.86
03/10/17 12:00,21.69,17.43
03/10/17 13:00,26.6,14.71
03/10/17 14:00,27.52,12.95
03/10/17 15:00,29.12,16.81
03/10/17 16:00,32.56,19.98
03/10/17 17:00,39.23,23.41
03/10/17 18:00,38.6,19.35
03/10/17 19:00,35.11,20.1
03/10/17 20:00,21.92,18.96
03/10/17 21:00,25.05,17.22
03/10/17 22:00,22.79,17.37
03/10/17 23:00,30.9,15.2
04/10/17 0:00,49,13.04
04/10/17 1:00,43.5,15.62
04/10/17 2:00,51.72,17.31
04/10/17 3:00,37.47,18.1
04/10/17 4:00,44.63,15.85
04/10/17 5:00,68.67,14.76
04/10/17 6:00,73.78,27.57
04/10/17 7:00,51.93,27.1
04/10/17 8:00,44.8,25.05
04/10/17 9:00,55.23,30.81
04/10/17 10:00,50.78,27.37
04/10/17 11:00,56,20.02
04/10/17 12:00,58.97,26.03
04/10/17 13:00,47.91,30.67
04/10/17 14:00,36.2,32.27
04/10/17 18:00,19.41,13.73
04/10/17 19:00,15.67,21.17
04/10/17 20:00,26.41,24.92
04/10/17 21:00,27.56,22.21
04/10/17 22:00,25.73,16.94
04/10/17 23:00,34.69,13.66
05/10/17 0:00,32.62,19.11
05/10/17 1:00,42.91,22.39
05/10/17 2:00,40.3,24.3
05/10/17 3:00,30.54,22.31
05/10/17 4:00,40.82,16.98
05/10/17 5:00,50.68,19.6
05/10/17 6:00,48.18,22.8
05/10/17 7:00,51.48,23.55
05/10/17 8:00,60.69,19.14
05/10/17 9:00,66.13,22.24
05/10/17 10:00,49.87,19.1
05/10/17 11:00,39.17,15.62
05/10/17 12:00,31.3,12.97
05/10/17 13:00,27.39,18.15
05/10/17 14:00,33.51,16.5
05/10/17 15:00,23.18,14.06
05/10/17 16:00,9.96,26.64
05/10/17 17:00,12.09,22.58
05/10/17 18:00,12.43,16.69
05/10/17 19:00,10.83,13.46
05/10/17 20:00,12.2,21.27
05/10/17 21:00,10.82,23.21
05/10/17 22:00,8.63,18.28
05/10/17 23:00,7.93,14.68
06/10/17 0:00,9.64,19.83
06/10/17 1:00,8.2,18.37
06/10/17 2:00,9.1,14.44
06/10/17 3:00,10.1,13.57
06/10/17 9:00,9.6,17.7
06/10/17 10:00,13.32,14.77
06/10/17 11:00,15.06,21.07
06/10/17 12:00,17.08,18.57
06/10/17 13:00,13.25,14.98
06/10/17 14:00,7.36,48.15
06/10/17 15:00,8.32,39.57
06/10/17 16:00,6.49,25.54
06/10/17 17:00,5.73,19.23
06/10/17 18:00,6.31,17.06
06/10/17 19:00,7.62,13.96
06/10/17 20:00,5.72,14.72
06/10/17 21:00,7.64,17.85
06/10/17 22:00,10.72,15.88
06/10/17 23:00,14.05,13.84
07/10/17 0:00,11.45,16.73
07/10/17 1:00,9.4,17.76
07/10/17 2:00,12.3,14.83
07/10/17 3:00,19.22,13.16
07/10/17 4:00,25.15,16.73
07/10/17 5:00,29.5,14.63
07/10/17 6:00,30.11,13.03
07/10/17 7:00,36.11,15.4
07/10/17 8:00,21.8,13.6
07/10/17 9:00,27.92,11.56
07/10/17 10:00,21.49,11.42
07/10/17 11:00,11.41,11.64
07/10/17 12:00,10.97,11.51
07/10/17 13:00,13.02,11.63
07/10/17 14:00,10,11.18
07/10/17 15:00,9.18,11.14
07/10/17 16:00,11.89,13.82
07/10/17 17:00,12.04,12.83
07/10/17 18:00,15.13,16.65
07/10/17 19:00,26.2,15.1
07/10/17 20:00,32.25,26.78
07/10/17 21:00,29.74,22.72
07/10/17 22:00,21.16,16.95
07/10/17 23:00,19.89,14.07
08/10/17 0:00,20.85,14.11
08/10/17 1:00,18.08,18.5
08/10/17 2:00,14.69,24.6
08/10/17 3:00,14.2,19.77
08/10/17 4:00,14.87,20.17
08/10/17 5:00,14.33,21.6
08/10/17 6:00,17.2,18.23
08/10/17 7:00,31.31,20.83
08/10/17 8:00,29.15,23.22
08/10/17 9:00,17.25,20.38
08/10/17 10:00,15.7,16.39
08/10/17 11:00,16.81,13.95
08/10/17 12:00,8.98,19.07
08/10/17 13:00,6.68,17.18
08/10/17 14:00,9.39,22.94
08/10/17 15:00,21.21,19.84
08/10/17 16:00,22.22,18.83
08/10/17 17:00,29.38,21.03
08/10/17 18:00,32.83,17.38
08/10/17 19:00,27.27,22.11
08/10/17 20:00,24.42,20.35
08/10/17 21:00,23.9,18.59
08/10/17 22:00,23.36,23.48
08/10/17 23:00,21.45,20.36
09/10/17 0:00,24.55,18.66
09/10/17 1:00,23.75,17.26
09/10/17 2:00,22.63,23.03
09/10/17 3:00,21.25,19.8
09/10/17 4:00,21.86,22.1
09/10/17 5:00,22.23,22.46
09/10/17 6:00,22.71,18.72
09/10/17 7:00,20.02,18.82
09/10/17 8:00,22.8,20.38
09/10/17 9:00,26.02,17.6
09/10/17 10:00,22.5,22.31
09/10/17 11:00,24.58,20.46
09/10/17 12:00,24.74,21.77
09/10/17 13:00,23.3,19.52
09/10/17 14:00,24.05,21.65
09/10/17 15:00,23.12,18.43
09/10/17 16:00,29.44,17.38
09/10/17 17:00,64.76,19.24
09/10/17 18:00,32.23,20.17
09/10/17 19:00,26.5,20.89
09/10/17 20:00,37.92,27.84
09/10/17 21:00,47.39,23.06
09/10/17 22:00,32.17,21.71
09/10/17 23:00,37.9,19.08
10/10/17 0:00,39.2,15.87
10/10/17 1:00,49.04,13.05
10/10/17 2:00,48.52,16.28
10/10/17 3:00,46,17.94
10/10/17 4:00,38.63,19.54
10/10/17 5:00,31.88,15.99
10/10/17 6:00,30.91,17.52
10/10/17 7:00,19.09,24.28
10/10/17 8:00,12.33,25.14
10/10/17 9:00,14.94,19.49
10/10/17 10:00,20.3,14.72
10/10/17 11:00,14.98,14.37
10/10/17 12:00,11.88,21.97
10/10/17 13:00,12.38,19.55
10/10/17 14:00,13.07,18.87
10/10/17 15:00,11.92,15.64
10/10/17 16:00,14.54,13.67
10/10/17 17:00,21.27,17.2
10/10/17 18:00,40.55,15.87
10/10/17 19:00,54.69,23.65
10/10/17 20:00,56.76,20.55
10/10/17 21:00,49.43,19.34
10/10/17 22:00,43.05,16.65
10/10/17 23:00,40.07,14.07
11/10/17 0:00,46.93,22.87
11/10/17 1:00,45.79,20.28
11/10/17 2:00,38.93,33.09
11/10/17 3:00,36.21,26.86
11/10/17 4:00,37.28,19.26
11/10/17 5:00,47.75,17.06
11/10/17 6:00,45.67,25.95
11/10/17 7:00,54.04,22.74
11/10/17 8:00,51.2,26.65
11/10/17 9:00,39.72,21.15
11/10/17 10:00,53.29,30
11/10/17 11:00,63.25,25.05
11/10/17 12:00,56.14,22.85
11/10/17 13:00,64.89,27.57
11/10/17 14:00,68.02,23.77
11/10/17 15:00,47.92,25.29
11/10/17 16:00,57.88,35.57
11/10/17 17:00,76.18,28.25
11/10/17 18:00,80.95,19.48
11/10/17 19:00,61.1,26.03
11/10/17 20:00,51.7,27.76
11/10/17 21:00,56.54,27.39
11/10/17 22:00,54.76,33.24
11/10/17 23:00,73.56,27.71
12/10/17 0:00,46.69,20.3
12/10/17 1:00,39.45,18.69
12/10/17 2:00,42.91,19.83
12/10/17 3:00,68.46,17.07
12/10/17 4:00,42.82,25.09
12/10/17 5:00,29.54,21.46
12/10/17 6:00,41.34,20.83
12/10/17 7:00,52.84,17.71
12/10/17 8:00,61.46,14.08
12/10/17 9:00,59.72,12.25
12/10/17 10:00,59.08,20.46
12/10/17 11:00,65.61,18.38
12/10/17 12:00,55.54,19.04
12/10/17 13:00,60.3,17.31
12/10/17 14:00,70.77,23.62
12/10/17 15:00,80.78,21.65
12/10/17 16:00,81.21,21.12
12/10/17 17:00,71.87,24.47
12/10/17 18:00,45.88,31.74
12/10/17 19:00,45.81,33.51
12/10/17 20:00,51.57,31.97
12/10/17 21:00,48.65,34.89
12/10/17 22:00,64.98,30.52
12/10/17 23:00,52.63,22.24
13/10/17 0:00,48.4,28.43
13/10/17 1:00,46.49,24.31
13/10/17 2:00,41.98,18
13/10/17 3:00,36.32,13.98
13/10/17 4:00,36.75,12.05
13/10/17 5:00,27.36,23.14
13/10/17 6:00,30.25,20.74
13/10/17 7:00,36.41,18.35
13/10/17 8:00,74.2,20.86
13/10/17 9:00,72.19,23.34
13/10/17 10:00,66.56,21.88
13/10/17 11:00,73.66,19.69
13/10/17 12:00,70.94,21.98
13/10/17 13:00,31.69,33.9
13/10/17 14:00,25.51,27.34
13/10/17 15:00,31.58,18.68
13/10/17 16:00,38.62,14.62
13/10/17 17:00,40.91,18.31
13/10/17 18:00,50.27,32.85
13/10/17 19:00,78.25,27.18
13/10/17 20:00,85.41,32.05
13/10/17 21:00,70.92,28.08
13/10/17 22:00,81.17,40.11
13/10/17 23:00,48.76,31.71
14/10/17 0:00,34.3,21.3
14/10/17 1:00,25.06,15.8
14/10/17 2:00,19.15,22.83
14/10/17 3:00,14.31,19.57
14/10/17 4:00,14.43,15.35
14/10/17 5:00,17.24,12.95
14/10/17 6:00,20.42,16.7
14/10/17 7:00,20.84,16.41
14/10/17 8:00,30.09,14.36
14/10/17 9:00,29.94,13.21
14/10/17 10:00,30.96,18.92
14/10/17 11:00,37.12,19.97
14/10/17 12:00,35.93,18.24
14/10/17 13:00,51.8,14.93
14/10/17 14:00,70.13,23.38
14/10/17 15:00,80.76,19.91
14/10/17 16:00,90.3,16.46
14/10/17 17:00,76.09,35.57
14/10/17 18:00,78.18,29.77
14/10/17 19:00,75.45,20.82
14/10/17 20:00,78.91,18.19
14/10/17 21:00,85.04,15.45
14/10/17 22:00,83.87,13.1
14/10/17 23:00,80.71,19
15/10/17 0:00,78.57,21.69
15/10/17 1:00,88.87,17.85
15/10/17 2:00,98.57,14.92
15/10/17 3:00,94.82,19.76
15/10/17 4:00,81.86,23.37
15/10/17 5:00,90.88,26.54
15/10/17 6:00,96.34,22.5
15/10/17 7:00,90.04,23.88
15/10/17 8:00,80.73,24.33
15/10/17 9:00,67.13,25.87
15/10/17 10:00,58.94,20.1
15/10/17 11:00,63.15,22.07
15/10/17 12:00,71.53,31.52
15/10/17 13:00,76.45,24.84
15/10/17 14:00,78.98,23.42
15/10/17 15:00,74.34,22.25
15/10/17 16:00,72.07,23.54
15/10/17 17:00,75.56,42.82
15/10/17 18:00,90.93,45.29
15/10/17 19:00,107.86,40.48
15/10/17 20:00,127.32,39.75
15/10/17 21:00,123.56,34.35
15/10/17 22:00,120.55,31.52
15/10/17 23:00,106.27,29.3
16/10/17 0:00,97.49,33.55
16/10/17 1:00,92.02,27.66
16/10/17 2:00,88.46,28.15
16/10/17 3:00,83.46,28.36
16/10/17 4:00,84.13,21.97
16/10/17 5:00,85.88,23.08
16/10/17 6:00,91.88,26.14
16/10/17 7:00,92.34,23.85
16/10/17 8:00,89.25,27.16
16/10/17 9:00,82.65,24.68
16/10/17 10:00,87.18,25.83
16/10/17 11:00,76.29,20.83
16/10/17 12:00,71.4,27.64
16/10/17 13:00,60.42,22.91
16/10/17 14:00,59.82,23.38
16/10/17 15:00,54.33,25.41
16/10/17 16:00,51.71,25.84
16/10/17 17:00,51.11,32.31
16/10/17 18:00,84.51,33.2
16/10/17 19:00,73.32,36.76
16/10/17 20:00,70.84,38.31
16/10/17 21:00,82.83,33.9
16/10/17 22:00,100.51,36.43
16/10/17 23:00,112.96,28.24
17/10/17 0:00,102.3,31.93
17/10/17 1:00,116.18,30.32
17/10/17 2:00,122.02,33.72
17/10/17 3:00,121,29.67
17/10/17 4:00,124.7,29.17
17/10/17 5:00,127.07,28.06
17/10/17 6:00,121.42,31.94
17/10/17 7:00,119.71,29.7
17/10/17 8:00,101.52,28.93
17/10/17 9:00,90.37,25.66
17/10/17 10:00,78.43,28.81
17/10/17 11:00,75.07,27.51
17/10/17 12:00,75.18,23
17/10/17 13:00,56.84,24.42
17/10/17 14:00,56.49,27.05
17/10/17 15:00,56.87,25.83
17/10/17 16:00,52.97,29.15
17/10/17 17:00,61.87,29.56
17/10/17 18:00,75.31,30.28
17/10/17 19:00,90.23,23.15
17/10/17 20:00,98.49,31.32
18/10/17 9:00,81.73,27.65
18/10/17 10:00,87.06,31.59
18/10/17 11:00,94.18,32.17
18/10/17 12:00,102.16,36.12
18/10/17 13:00,98.65,32.65
18/10/17 14:00,97.5,30.05
18/10/17 15:00,103.97,33.49
18/10/17 16:00,110.93,37.4
18/10/17 17:00,121.09,32.43
18/10/17 18:00,126.53,36.32
18/10/17 19:00,126.68,39.12
18/10/17 20:00,43.38,35.3
18/10/17 21:00,37.51,24.93
18/10/17 22:00,33.31,22.51
18/10/17 23:00,28.07,21.25
19/10/17 0:00,18.82,20.48
19/10/17 1:00,14.92,16.91
19/10/17 2:00,11.71,14.1
19/10/17 3:00,11.89,17.42
19/10/17 4:00,10.96,17.25
19/10/17 5:00,6.79,15
19/10/17 6:00,7.2,15.16
19/10/17 10:00,15.89,19.65
19/10/17 11:00,14.08,19.62
19/10/17 12:00,7.67,24.77
19/10/17 13:00,10.18,20.03
19/10/17 14:00,10.12,20.18
19/10/17 15:00,14.2,17.01
19/10/17 16:00,17.98,15.18
19/10/17 17:00,20.85,16.24
19/10/17 18:00,19.23,21.63
19/10/17 19:00,24.92,19.66
19/10/17 20:00,25,18.03
19/10/17 21:00,19.3,18.09
19/10/17 22:00,11.26,26.54
19/10/17 23:00,8.88,22.62
20/10/17 0:00,8.18,27.45
20/10/17 1:00,10.54,23.43
20/10/17 2:00,11.68,23.9
20/10/17 3:00,13.18,19.29
20/10/17 4:00,10.77,22.91
20/10/17 5:00,7.3,19.94
20/10/17 6:00,6.07,18.25
20/10/17 7:00,6.05,17.06
20/10/17 8:00,7.41,22.42
20/10/17 9:00,7.38,19.12
20/10/17 10:00,8.57,19.37
20/10/17 11:00,8.87,16.67
20/10/17 12:00,12.67,14.11
20/10/17 13:00,13.51,18.93
20/10/17 14:00,16.49,23.39
20/10/17 15:00,18.53,20.08
20/10/17 16:00,18.22,15.61
20/10/17 17:00,18.69,18.68
20/10/17 18:00,31.45,18.2
20/10/17 19:00,30.55,19.02
20/10/17 20:00,23.79,24.12
20/10/17 21:00,18.55,23.72
20/10/17 22:00,11.91,21.52
20/10/17 23:00,11.38,16.85
21/10/17 0:00,13.78,14.45
21/10/17 1:00,13.31,12.42
21/10/17 2:00,14.44,11.99
21/10/17 3:00,22.47,12.44
21/10/17 4:00,18.93,21.97
21/10/17 5:00,21.61,22.66
21/10/17 6:00,23.89,25.78
21/10/17 7:00,24.55,21.75
21/10/17 8:00,20.96,21.41
21/10/17 9:00,16.8,21.68
21/10/17 10:00,13.68,23.78
21/10/17 11:00,10.98,22.44
21/10/17 12:00,10.11,22.37
21/10/17 13:00,9.7,20.03
21/10/17 14:00,11.34,22.41
21/10/17 15:00,13.49,20.01
21/10/17 16:00,14.87,27.79
21/10/17 17:00,19.13,22.36
21/10/17 18:00,20.04,15.92
21/10/17 19:00,25.63,12.71
21/10/17 20:00,24.16,15.76
21/10/17 21:00,28.78,20.91
21/10/17 22:00,24.05,20.9
21/10/17 23:00,21.44,22.29
22/10/17 0:00,24.18,23.65
22/10/17 1:00,24.21,20.19
22/10/17 2:00,23.5,24.81
22/10/17 3:00,23.91,21.99
22/10/17 4:00,23,20.61
22/10/17 5:00,24.35,16.48
22/10/17 6:00,16.55,15.51
22/10/17 7:00,25.45,17.47
22/10/17 8:00,27.75,22.31
22/10/17 9:00,21.25,19.1
22/10/17 10:00,15.96,25.04
22/10/17 11:00,26.12,23.77
22/10/17 12:00,20.26,28.15
22/10/17 13:00,19.65,22.5
22/10/17 14:00,19.57,16.66
22/10/17 15:00,21.94,15.57
22/10/17 16:00,21.94,17.77
22/10/17 17:00,23.91,18.46
22/10/17 18:00,37.37,18.68
22/10/17 19:00,53.18,21.9
22/10/17 20:00,66.74,27.01
22/10/17 21:00,75.78,26.98
22/10/17 22:00,63.72,20.74
22/10/17 23:00,57.78,24.93
23/10/17 0:00,47.44,32.46
23/10/17 1:00,36.36,28.42
23/10/17 2:00,28.18,27.99
23/10/17 3:00,38.27,27.61
23/10/17 4:00,50.34,25.05
23/10/17 5:00,60.98,22.53
23/10/17 6:00,50.57,18.54
23/10/17 7:00,62.72,17.58
23/10/17 8:00,73.15,18.25
23/10/17 9:00,85.12,19.4
23/10/17 10:00,77.63,18.76
23/10/17 11:00,73.55,19.43
23/10/17 12:00,75.02,19.95
23/10/17 13:00,70.94,21.5
23/10/17 14:00,70.04,23.58
23/10/17 15:00,61.6,27.63
23/10/17 16:00,58.05,28.25
23/10/17 17:00,68.95,31.62
23/10/17 18:00,66.66,35.2
23/10/17 19:00,56.98,30.09
23/10/17 20:00,73.09,24.1
23/10/17 21:00,57.05,28.56
23/10/17 22:00,50.48,29.74
23/10/17 23:00,52.9,24.36
24/10/17 0:00,51.41,19.79
24/10/17 1:00,50.36,20.79
24/10/17 2:00,57.85,22.24
24/10/17 3:00,45.05,21.11
24/10/17 4:00,55.87,24.37
24/10/17 5:00,55.91,23.66
24/10/17 6:00,44.7,28.24
24/10/17 7:00,44.22,24.59
24/10/17 8:00,37.33,21.51
24/10/17 9:00,50.78,21.16
24/10/17 10:00,55.7,22.65
24/10/17 11:00,57,17.9
24/10/17 12:00,33.93,15.24
24/10/17 13:00,35.02,15.92
24/10/17 14:00,42.27,19.32
24/10/17 15:00,48.07,21.99
24/10/17 16:00,48.39,24.07
24/10/17 17:00,32.32,20.02
24/10/17 18:00,37.09,21.12
24/10/17 19:00,50.15,22.22
24/10/17 20:00,55.84,27.88
24/10/17 21:00,70.15,23.56
24/10/17 22:00,71.85,27.95
24/10/17 23:00,69.31,28.63
25/10/17 0:00,51.79,24.11
25/10/17 1:00,52.63,25.83
25/10/17 2:00,44.59,21.37
25/10/17 3:00,51.41,21.11
25/10/17 4:00,53.23,21.65
25/10/17 5:00,51.82,17.64
25/10/17 6:00,58.55,14.64
25/10/17 7:00,59.8,14.34
25/10/17 8:00,63.15,19.2
25/10/17 9:00,70.49,21.75
25/10/17 10:00,69.68,28.25
25/10/17 11:00,64.91,29.97
25/10/17 12:00,62.31,30.44
25/10/17 13:00,52.07,24.6
25/10/17 14:00,44.38,23.47
25/10/17 15:00,41.74,20.24
25/10/17 16:00,43.93,15.8
25/10/17 17:00,45.24,19.58
25/10/17 18:00,51.89,29.51
25/10/17 19:00,70.75,23.87
25/10/17 20:00,118.29,30.06
25/10/17 21:00,70.76,56.4
25/10/17 22:00,72.58,52.74
25/10/17 23:00,67.14,41.34
26/10/17 0:00,72.46,32.33
26/10/17 1:00,64.89,27.46
26/10/17 2:00,62.63,24.45
26/10/17 3:00,92.4,26.43
26/10/17 4:00,93.04,32.01
26/10/17 5:00,104.21,32.89
26/10/17 6:00,97.93,29.64
26/10/17 7:00,93.27,26.43
26/10/17 8:00,101.85,27.67
26/10/17 9:00,114.2,26.46
26/10/17 10:00,105,26.51
26/10/17 11:00,89.71,30.21
26/10/17 12:00,103.04,58.58
26/10/17 13:00,105.91,58.03
26/10/17 14:00,88.63,51.02
26/10/17 15:00,60.58,43.27
26/10/17 16:00,62.79,33.8
26/10/17 17:00,65.83,29.66
26/10/17 18:00,72.71,26.77
26/10/17 19:00,72.86,23.94
26/10/17 20:00,87.55,39.69
26/10/17 21:00,93.75,31.36
26/10/17 22:00,76.96,30.24
26/10/17 23:00,79.85,27.86
27/10/17 0:00,85.56,27.76
27/10/17 1:00,85.98,23.54
27/10/17 2:00,85.2,23.21
27/10/17 3:00,89.25,19.69
27/10/17 4:00,93.71,26.56
27/10/17 5:00,109.16,27.01
27/10/17 6:00,106.79,32.41
27/10/17 7:00,100.95,25.57
27/10/17 8:00,106.67,23.23
27/10/17 9:00,111.19,19.03
27/10/17 10:00,88.39,32.13
27/10/17 11:00,78.68,27.08
27/10/17 12:00,66.72,33.37
27/10/17 13:00,50.95,25.89
27/10/17 14:00,42.08,29.69
27/10/17 15:00,35.43,23.41
27/10/17 16:00,38.73,33.68
27/10/17 17:00,65.37,30.71
27/10/17 18:00,79,30.45
27/10/17 19:00,95.24,29.72
27/10/17 20:00,100.77,40.66
27/10/17 21:00,99.34,34.95
27/10/17 22:00,93.49,31.72
27/10/17 23:00,87.13,24.29
28/10/17 0:00,85.89,29.83
28/10/17 1:00,84.23,24.59
28/10/17 2:00,81.55,18.54
28/10/17 3:00,74.75,15.46
28/10/17 4:00,78.04,21.79
28/10/17 5:00,90.51,19.67
28/10/17 6:00,95.36,18.53
28/10/17 7:00,98.21,20.15
28/10/17 8:00,105.31,18.15
28/10/17 9:00,102.12,19.02
28/10/17 10:00,87.82,16.32
28/10/17 11:00,85.78,23.58
28/10/17 12:00,82.11,19.77
28/10/17 13:00,80.23,24.14
28/10/17 14:00,76.66,43.81
28/10/17 15:00,73.29,38.9
28/10/17 16:00,66.39,32.35
28/10/17 17:00,65.19,24.51
28/10/17 18:00,77.43,23.37
28/10/17 19:00,85.55,48.26
28/10/17 20:00,99.22,37.79
28/10/17 21:00,103.04,31.64
28/10/17 22:00,81.27,24.3
28/10/17 23:00,74.38,21.53
29/10/17 0:00,65.29,17.92
29/10/17 1:00,58.54,17.1
29/10/17 2:00,68.29,17.15
29/10/17 3:00,104.45,15.66
29/10/17 4:00,106.93,26.1
29/10/17 5:00,95.39,23.01
29/10/17 6:00,87,23.3
29/10/17 7:00,85.43,24.84
29/10/17 8:00,88.6,20.28
29/10/17 9:00,104.51,16.24
29/10/17 10:00,88.21,19.75
29/10/17 11:00,81.4,18.32
29/10/17 12:00,80.87,14.82
29/10/17 13:00,74.08,13.75
29/10/17 14:00,74.11,19.88
29/10/17 15:00,72.4,21.04
29/10/17 16:00,66.38,29.49
29/10/17 17:00,75.18,27.71
29/10/17 18:00,94.89,22.17
29/10/17 19:00,109.33,24.51
29/10/17 20:00,119.18,33.15
29/10/17 21:00,87.4,25.6
29/10/17 22:00,92.35,21.8
29/10/17 23:00,84.95,18
30/10/17 0:00,79.8,21.09
30/10/17 1:00,85.43,17.78
30/10/17 2:00,96.61,22.35
30/10/17 3:00,95.14,19.47
30/10/17 4:00,95.64,28.42
30/10/17 5:00,94.02,23.2
30/10/17 6:00,98.46,27.77
30/10/17 7:00,108.26,22.51
30/10/17 8:00,94.04,16.61
30/10/17 9:00,84.86,13.66
30/10/17 10:00,83.83,12.15
30/10/17 11:00,78.28,17.76
30/10/17 12:00,69.33,17.04
30/10/17 13:00,60.34,14.69
30/10/17 14:00,51.14,16.99
30/10/17 15:00,46.76,15.91
30/10/17 16:00,51.24,14.79
30/10/17 17:00,53.81,15.87
30/10/17 18:00,67.09,25.18
30/10/17 19:00,88.14,22.13
30/10/17 20:00,84.63,24.9
30/10/17 21:00,71.88,27.8
30/10/17 22:00,67.72,22.55
30/10/17 23:00,80.33,37.32
31/10/17 0:00,94.5,31.06
31/10/17 1:00,97.94,23.81
31/10/17 2:00,101.6,31.61
31/10/17 3:00,105.91,25.39
31/10/17 4:00,122.7,28.81
31/10/17 5:00,120.77,33.06
31/10/17 6:00,117.38,32.46
31/10/17 7:00,114.54,25.32
31/10/17 8:00,114.04,21.41
31/10/17 9:00,118,17.29
31/10/17 10:00,102,18.89
31/10/17 11:00,90.98,16.68
31/10/17 12:00,69.53,14.71
31/10/17 13:00,63.08,12.7
31/10/17 14:00,64.11,30.97
31/10/17 15:00,66.69,29.3
31/10/17 16:00,69.38,21.69
31/10/17 17:00,87.5,16.74
31/10/17 18:00,96.91,17.1
31/10/17 19:00,117.1,23.65
31/10/17 20:00,126.82,22.22
31/10/17 21:00,139.1,31.99
31/10/17 22:00,129.2,37.27
31/10/17 23:00,120.84,38.81
01/11/17 0:00,104.33,44.71
01/11/17 1:00,89.74,33.33
01/11/17 2:00,84.4,31.04
01/11/17 3:00,86.89,24.55
01/11/17 4:00,98.29,28.15
01/11/17 5:00,92.91,26.4
01/11/17 6:00,93.67,26.53
01/11/17 7:00,92.48,20.93
01/11/17 8:00,101.07,16.47
01/11/17 9:00,95.19,14.12
01/11/17 10:00,92.62,18.47
01/11/17 11:00,77.22,20.71
01/11/17 12:00,85,19.45
01/11/17 13:00,78.25,16.82
01/11/17 14:00,71.3,15.88
01/11/17 15:00,63.58,14.02
01/11/17 16:00,62.98,15.4
01/11/17 17:00,63.45,16.73
01/11/17 18:00,70.16,21.75
01/11/17 19:00,95.68,20.81
01/11/17 20:00,115.71,19.84
01/11/17 21:00,124.61,27.28
01/11/17 22:00,118.85,42.14
01/11/17 23:00,103.65,32.87
02/11/17 0:00,95.07,22.41
02/11/17 1:00,116.47,16.89
02/11/17 2:00,126.14,13.64
02/11/17 3:00,107.16,12.78
02/11/17 4:00,104.71,20.95
02/11/17 5:00,105.8,19.75
02/11/17 6:00,110.45,16.35
02/11/17 7:00,127.05,14.04
02/11/17 8:00,128.24,15.51
02/11/17 9:00,120.71,13.69
02/11/17 10:00,92.27,13.75
02/11/17 11:00,71.83,17.63
02/11/17 12:00,53.6,15.83
02/11/17 13:00,40.66,16.3
02/11/17 14:00,35.05,24.23
02/11/17 15:00,26.78,21.02
02/11/17 16:00,28.02,22.33
02/11/17 17:00,32.94,22.91
02/11/17 18:00,48.15,17.98
02/11/17 19:00,67.73,21.92
02/11/17 20:00,47.73,21.41
02/11/17 21:00,50.98,24.65
02/11/17 22:00,77.85,21.16
02/11/17 23:00,72.44,20.61
03/11/17 0:00,67.64,25.16
03/11/17 1:00,57.72,22.76
03/11/17 2:00,68.45,17.73
03/11/17 3:00,61.7,16.15
03/11/17 4:00,61.39,23.5
03/11/17 5:00,64.84,19.63
03/11/17 6:00,65.73,18.39
03/11/17 7:00,73.36,15.44
03/11/17 8:00,84.38,14.16
03/11/17 9:00,61.52,14.41
03/11/17 10:00,58.61,14.03
03/11/17 11:00,40.58,14.14
03/11/17 12:00,29.58,14.38
03/11/17 13:00,29.31,15.64
03/11/17 14:00,30.85,15.29
03/11/17 15:00,31.02,16.33
03/11/17 16:00,23.32,15.57
03/11/17 17:00,23.22,15.32
03/11/17 18:00,32.85,13.09
03/11/17 19:00,70.77,11.3
03/11/17 20:00,81.78,10.42
04/11/17 0:00,77.09,100.55
04/11/17 1:00,70.66,78.69
04/11/17 2:00,72.43,56.82
04/11/17 3:00,67.16,39.82
04/11/17 4:00,55.48,29.3
04/11/17 5:00,73.68,23.29
04/11/17 6:00,71.89,20.7
04/11/17 7:00,72.36,17.15
04/11/17 8:00,69.72,80.87
04/11/17 9:00,55.96,67.59
04/11/17 10:00,42.98,104.9
04/11/17 11:00,29.29,78.68
04/11/17 12:00,35.09,111.58
04/11/17 13:00,47.72,89.44
04/11/17 14:00,50.78,52.83
04/11/17 15:00,35.6,49.5
04/11/17 16:00,31.21,51.22
04/11/17 17:00,27.85,47.12
04/11/17 18:00,38.43,44.3
04/11/17 19:00,68.47,34.76
04/11/17 20:00,59.42,51.24
04/11/17 21:00,64.37,45.65
04/11/17 22:00,61.19,36
04/11/17 23:00,63.63,38.99
05/11/17 0:00,61.85,53.63
05/11/17 1:00,66.83,44.75
05/11/17 2:00,63.63,46.73
05/11/17 3:00,61.45,48.06
05/11/17 4:00,53.93,46.98
05/11/17 5:00,54.05,35.65
05/11/17 6:00,48.42,38.97
05/11/17 7:00,65.07,39.66
05/11/17 8:00,33.35,45.74
05/11/17 9:00,24.02,36.48
05/11/17 10:00,26.18,34.33
05/11/17 11:00,26.48,26.6
05/11/17 12:00,24.91,24.27
05/11/17 13:00,31.04,20.92
05/11/17 14:00,40.28,31.8
05/11/17 15:00,29.27,34.1
05/11/17 16:00,26.94,40.16
05/11/17 17:00,26.83,34.43
05/11/17 18:00,51.64,30.99
05/11/17 19:00,69.55,37.73
05/11/17 20:00,62.69,42.84
05/11/17 21:00,69.85,34.39
05/11/17 22:00,68.13,79.09
05/11/17 23:00,59.59,112.42
06/11/17 0:00,51.84,90.1
06/11/17 1:00,58.21,63.69
06/11/17 2:00,48.09,53.55
06/11/17 3:00,56.14,40.65
06/11/17 4:00,56.61,31.91
06/11/17 5:00,59.64,29.51
06/11/17 6:00,60.75,29.85
06/11/17 7:00,58.16,23.47
06/11/17 8:00,48.91,22.92
06/11/17 9:00,37.76,22.81
06/11/17 10:00,44.02,27.54
06/11/17 11:00,39.02,26.02
06/11/17 12:00,41.68,25.99
06/11/17 13:00,34.86,26.6
06/11/17 14:00,28.63,31.39
06/11/17 15:00,22.38,30.69
06/11/17 16:00,17.98,34.24
06/11/17 17:00,16.3,26.43
06/11/17 18:00,23.85,19.91
06/11/17 19:00,53.16,21.46
06/11/17 20:00,68.22,20.35
06/11/17 21:00,40.15,16.89
06/11/17 22:00,25.45,30.14
06/11/17 23:00,26.18,30.25
07/11/17 0:00,39.02,32.71
07/11/17 1:00,36.06,30.8
07/11/17 2:00,49.3,28.79
07/11/17 3:00,44.91,26.57
07/11/17 4:00,37.88,30.37
07/11/17 5:00,40.64,30.34
07/11/17 6:00,41.58,29.32
07/11/17 7:00,52.09,21.66
07/11/17 8:00,31.48,22.61
07/11/17 9:00,25.25,20.78
07/11/17 10:00,39.53,37.14
07/11/17 11:00,30.63,31.58
07/11/17 12:00,29.52,25.9
07/11/17 13:00,26.18,26.59
07/11/17 14:00,24.48,25.96
07/11/17 15:00,23.31,28.63
07/11/17 16:00,21.37,30.64
07/11/17 17:00,21.03,24.74
07/11/17 18:00,31.98,38.53
07/11/17 19:00,34.93,36.35
07/11/17 20:00,51.54,35.09
07/11/17 21:00,64.14,34.63
07/11/17 22:00,45.67,26.65
07/11/17 23:00,31.62,25.86
08/11/17 0:00,59.49,23.06
08/11/17 1:00,44.84,20.21
08/11/17 2:00,35.8,24.21
08/11/17 3:00,29.62,25.59
08/11/17 4:00,28.56,28.07
08/11/17 5:00,30.07,25.03
08/11/17 6:00,29.49,25.43
08/11/17 7:00,54.56,20.58